Fecha_datetime,Year,Month,Day,NO2_trop_mean,NO2_trop_std,WeekofYear,NO2_trop_mean_complete,NO2_trop_std_complete
2018-07-08T00:00:00Z,2018,7,8,5.057735747996809e-5,2.5383025139564164e-5,2018W27,5.057735747996809e-5,2.5383025139564164e-5
2018-07-09T00:00:00Z,2018,7,9,NA,NA,2018W28,6.446998660551064e-7,1.8956176524729658e-5
2018-07-10T00:00:00Z,2018,7,10,NA,NA,2018W28,2.8203861701658373e-5,1.3203206705829103e-5
2018-07-11T00:00:00Z,2018,7,11,9.506283856116676e-5,9.849213530898948e-6,2018W28,9.506283856116669e-5,9.849213530898946e-6
2018-07-12T00:00:00Z,2018,7,12,1.569188309121e-4,1.5782301095413764e-005,2018W28,1.569188309121e-4,1.5782301095413764e-005
2018-07-13T00:00:00Z,2018,7,13,NA,NA,2018W28,1.622124700325709e-4,4.402164341368092e-5
2018-07-14T00:00:00Z,2018,7,14,1.220200370461e-4,5.46656004637669e-5,2018W28,1.2202003704609998e-4,5.4665600463766904e-5
2018-07-15T00:00:00Z,2018,7,15,6.721487726624525e-5,2.1105029864980123e-5,2018W28,6.721487726624525e-5,2.1105029864980123e-5
2018-07-16T00:00:00Z,2018,7,16,3.136447569676817e-5,3.772095362321537e-6,2018W29,3.136447569676817e-5,3.772095362321535e-6
2018-07-17T00:00:00Z,2018,7,17,NA,NA,2018W29,1.917070278193994e-5,0
2018-07-18T00:00:00Z,2018,7,18,NA,NA,2018W29,2.564624068524006e-5,1.2853254331783373e-6
2018-07-19T00:00:00Z,2018,7,19,NA,NA,2018W29,4.531839252936747e-5,8.421345409347264e-6
2018-07-20T00:00:00Z,2018,7,20,NA,NA,2018W29,7.271446143702114e-5,1.9514064385225582e-5
2018-07-21T00:00:00Z,2018,7,21,1.023617505309e-4,3.3341304140225074e-5,2018W29,1.023617505309e-4,3.334130414022507e-5
2018-07-22T00:00:00Z,2018,7,22,NA,NA,2018W29,1.2915024214688685e-4,4.8880040572711226e-5
2018-07-23T00:00:00Z,2018,7,23,1.494206354736e-4,6.59038660568644e-5,2018W30,1.494206354736e-4,6.59038660568644e-5
2018-07-24T00:00:00Z,2018,7,24,1.546849853652e-4,7.999406255653595e-5,2018W30,1.546849853652e-4,7.999406255653595e-5
2018-07-25T00:00:00Z,2018,7,25,NA,NA,2018W30,1.253442564266863e-4,7.533242120064087e-5
2018-07-26T00:00:00Z,2018,7,26,NA,NA,2018W30,7.522490548103828e-5,5.637473771758927e-5
2018-07-27T00:00:00Z,2018,7,27,NA,NA,2018W30,2.780759329264079e-5,3.3743175117985764e-5
2018-07-28T00:00:00Z,2018,7,28,NA,NA,2018W30,6.572980625878721e-6,1.8059896412434947e-5
2018-07-29T00:00:00Z,2018,7,29,NA,NA,2018W30,3.500172824513687e-5,1.9947064611541422e-5
2018-07-30T00:00:00Z,2018,7,30,1.365744969148e-4,5.002684272590976e-5,2018W31,1.365744969148e-4,5.0026842725909785e-5
2018-07-31T00:00:00Z,2018,7,31,2.371674682806e-4,8.640495825621729e-5,2018W31,2.371674682806e-4,8.640495825621729e-5
2018-08-01T00:00:00Z,2018,8,1,1.0312826698862979e-4,5.2142375747651665e-5,2018W31,1.0312826698862982e-4,5.2142375747651665e-5
2018-08-02T00:00:00Z,2018,8,2,1.21920924358e-4,6.966219437737507e-5,2018W31,1.21920924358e-4,6.966219437737507e-5
2018-08-03T00:00:00Z,2018,8,3,NA,NA,2018W31,1.6201026956806226e-4,8.833179815877813e-5
2018-08-04T00:00:00Z,2018,8,4,NA,NA,2018W31,1.6485516696260077e-4,8.82919870379386e-5
2018-08-05T00:00:00Z,2018,8,5,NA,NA,2018W31,1.4137212770356388e-4,7.442825149285025e-5
2018-08-06T00:00:00Z,2018,8,6,1.024776629529e-4,5.162608200150684e-5,2018W32,1.024776629529e-4,5.162608200150683e-5
2018-08-07T00:00:00Z,2018,8,7,NA,NA,2018W32,6.344911637523415e-5,2.6368000038089343e-5
2018-08-08T00:00:00Z,2018,8,8,NA,NA,2018W32,5.700716164589803e-5,1.152465106152756e-5
2018-08-09T00:00:00Z,2018,8,9,1.202333049429e-4,2.1563711526938487e-5,2018W32,1.202333049429e-4,2.1563711526938487e-5
2018-08-10T00:00:00Z,2018,8,10,2.275365804145e-4,5.4811146551315226e-5,2018W32,2.275365804145e-4,5.4811146551315226e-5
2018-08-11T00:00:00Z,2018,8,11,NA,NA,2018W32,1.8272970176692757e-4,5.9602515269529494e-5
2018-08-12T00:00:00Z,2018,8,12,4.732718138451804e-5,2.6437422959826106e-5,2018W32,4.7327181384518085e-5,2.6437422959826123e-5
2018-08-13T00:00:00Z,2018,8,13,NA,NA,2018W33,0,0
2018-08-14T00:00:00Z,2018,8,14,8.261273260527563e-5,2.8001846880018575e-5,2018W33,8.261273260527563e-5,2.800184688001858e-5
2018-08-15T00:00:00Z,2018,8,15,3.142497407021e-4,1.545336760409e-4,2018W33,3.142497407021e-4,1.545336760409e-4
2018-08-16T00:00:00Z,2018,8,16,8.801522853499018e-5,4.370876504099744e-5,2018W33,8.801522853499018e-5,4.370876504099741e-5
2018-08-17T00:00:00Z,2018,8,17,9.189203294942451e-5,6.156698342953639e-5,2018W33,9.189203294942451e-5,6.156698342953639e-5
2018-08-18T00:00:00Z,2018,8,18,NA,NA,2018W33,1.0051477426347803e-4,6.069249616148947e-5
2018-08-19T00:00:00Z,2018,8,19,1.607812349586867e-5,9.549021277875906e-6,2018W33,1.607812349586866e-5,9.549021277875877e-6
2018-08-20T00:00:00Z,2018,8,20,4.0662915553311006e-5,1.6206595159684502e-5,2018W34,4.0662915553311006e-5,1.6206595159684502e-5
2018-08-21T00:00:00Z,2018,8,21,4.534707511743e-4,1.806409100555e-4,2018W34,4.534707511743e-4,1.806409100555e-4
2018-08-22T00:00:00Z,2018,8,22,4.770221935530384e-5,2.690209774580105e-5,2018W34,4.770221935530384e-5,2.690209774580105e-5
2018-08-23T00:00:00Z,2018,8,23,NA,NA,2018W34,0,0
2018-08-24T00:00:00Z,2018,8,24,NA,NA,2018W34,0,0
2018-08-25T00:00:00Z,2018,8,25,6.691689817276807e-5,2.139853359034199e-5,2018W34,6.691689817276807e-5,2.1398533590341976e-5
2018-08-26T00:00:00Z,2018,8,26,7.341942415324266e-5,2.586153927261213e-5,2018W34,7.341942415324266e-5,2.586153927261213e-5
2018-08-27T00:00:00Z,2018,8,27,1.192533020373e-4,6.128641167341325e-5,2018W35,1.192533020373e-4,6.128641167341325e-5
2018-08-28T00:00:00Z,2018,8,28,1.5678285949295001e-4,7.731065545130856e-5,2018W35,1.5678285949295001e-4,7.731065545130856e-5
2018-08-29T00:00:00Z,2018,8,29,1.007664736055e-4,4.29920547630363e-5,2018W35,1.0076647360550001e-4,4.29920547630363e-5
2018-08-30T00:00:00Z,2018,8,30,NA,NA,2018W35,5.6960752864006424e-5,2.6305785107168327e-5
2018-08-31T00:00:00Z,2018,8,31,7.73798587484065e-5,3.3367512057615806e-5,2018W35,7.737985874840648e-5,3.336751205761581e-5
2018-09-01T00:00:00Z,2018,9,1,1.178330747973e-4,3.7866976762352986e-5,2018W35,1.178330747973e-4,3.7866976762352986e-5
2018-09-02T00:00:00Z,2018,9,2,5.6154484221419185e-5,2.435327957517015e-5,2018W35,5.615448422141918e-5,2.435327957517015e-5
2018-09-03T00:00:00Z,2018,9,3,1.934040584678e-4,7.797620568568406e-5,2018W36,1.934040584678e-4,7.797620568568406e-5
2018-09-04T00:00:00Z,2018,9,4,1.048072582643e-4,5.14362226888428e-5,2018W36,1.048072582643e-4,5.14362226888428e-5
2018-09-05T00:00:00Z,2018,9,5,7.137887952522139e-5,3.423774902946936e-5,2018W36,7.137887952522139e-5,3.423774902946936e-5
2018-09-06T00:00:00Z,2018,9,6,1.789459225489e-4,8.58973651916419e-5,2018W36,1.789459225489e-4,8.58973651916419e-5
2018-09-07T00:00:00Z,2018,9,7,1.046601227941e-4,4.8728377933901776e-5,2018W36,1.046601227941e-4,4.8728377933901776e-5
2018-09-08T00:00:00Z,2018,9,8,3.3676035405005175e-5,8.70847993734738e-6,2018W36,3.3676035405005175e-5,8.708479937347384e-6
2018-09-09T00:00:00Z,2018,9,9,4.186987556392514e-5,1.199894368780758e-5,2018W36,4.186987556392514e-5,1.199894368780758e-5
2018-09-10T00:00:00Z,2018,9,10,4.4170308122451774e-5,1.6284198309476752e-5,2018W37,4.4170308122451774e-5,1.6284198309476752e-5
2018-09-11T00:00:00Z,2018,9,11,7.487555558011749e-5,4.484774078975711e-5,2018W37,7.487555558011749e-5,4.484774078975711e-5
2018-09-12T00:00:00Z,2018,9,12,NA,NA,2018W37,1.1475240907682477e-4,6.310580173129164e-5
2018-09-13T00:00:00Z,2018,9,13,1.360901236411e-4,5.9245281566837364e-5,2018W37,1.360901236411e-4,5.924528156683736e-5
2018-09-14T00:00:00Z,2018,9,14,9.162232207775062e-5,2.3478923066995857e-5,2018W37,9.162232207775062e-5,2.3478923066995857e-5
2018-09-15T00:00:00Z,2018,9,15,NA,NA,2018W37,0,0
2018-09-16T00:00:00Z,2018,9,16,3.4067084106145514e-5,9.580558794957156e-6,2018W37,3.4067084106145453e-5,9.580558794957182e-6
2018-09-17T00:00:00Z,2018,9,17,3.862206865966e-4,1.918464324949e-4,2018W38,3.862206865966e-4,1.918464324949e-4
2018-09-18T00:00:00Z,2018,9,18,4.2557686185091074e-5,1.6241748970370074e-5,2018W38,4.255768618509104e-5,1.6241748970370135e-5
2018-09-19T00:00:00Z,2018,9,19,4.363786461789006e-5,1.402109052547321e-5,2018W38,4.363786461789006e-5,1.402109052547321e-5
2018-09-20T00:00:00Z,2018,9,20,2.9621526045937008e-5,1.386602379062947e-5,2018W38,2.9621526045936994e-5,1.3866023790629467e-5
2018-09-21T00:00:00Z,2018,9,21,1.415241296075e-4,6.047163864818693e-5,2018W38,1.415241296075e-4,6.047163864818693e-5
2018-09-22T00:00:00Z,2018,9,22,5.601639952304684e-5,2.244504052487684e-5,2018W38,5.601639952304686e-5,2.2445040524876836e-5
2018-09-23T00:00:00Z,2018,9,23,NA,NA,2018W38,2.1119155516813137e-5,6.229379576918373e-6
2018-09-24T00:00:00Z,2018,9,24,4.107874420410626e-5,1.2962094654802326e-5,2018W39,4.107874420410627e-5,1.2962094654802326e-5
2018-09-25T00:00:00Z,2018,9,25,4.226291328055588e-5,1.6814753614548433e-5,2018W39,4.226291328055588e-5,1.6814753614548433e-5
2018-09-26T00:00:00Z,2018,9,26,8.397402867488103e-5,5.5713916877467545e-5,2018W39,8.397402867488103e-5,5.5713916877467545e-5
2018-09-27T00:00:00Z,2018,9,27,NA,NA,2018W39,1.2688385981705273e-4,7.725945769670408e-5
2018-09-28T00:00:00Z,2018,9,28,NA,NA,2018W39,1.3624511753387245e-4,6.744472152193524e-5
2018-09-29T00:00:00Z,2018,9,29,8.795642560179404e-5,3.013740780615879e-5,2018W39,8.795642560179405e-5,3.0137407806158742e-5
2018-09-30T00:00:00Z,2018,9,30,NA,NA,2018W39,2.035050570177403e-6,0
2018-10-01T00:00:00Z,2018,10,1,7.497283008000658e-5,2.3527390918919607e-5,2018W40,7.497283008000659e-5,2.3527390918919604e-5
2018-10-02T00:00:00Z,2018,10,2,2.976042856924e-4,1.296580858016e-4,2018W40,2.976042856924e-4,1.296580858016e-4
2018-10-03T00:00:00Z,2018,10,3,1.16327782328e-4,3.852286100191562e-5,2018W40,1.1632778232800002e-4,3.852286100191562e-5
2018-10-04T00:00:00Z,2018,10,4,2.0112028038855e-4,6.727674944658805e-5,2018W40,2.0112028038855e-4,6.727674944658805e-5
2018-10-05T00:00:00Z,2018,10,5,2.905710716596e-4,9.10957510609775e-5,2018W40,2.905710716596e-4,9.10957510609775e-5
2018-10-06T00:00:00Z,2018,10,6,6.148685630563025e-5,2.4101530627008585e-5,2018W40,6.148685630563025e-5,2.4101530627008585e-5
2018-10-07T00:00:00Z,2018,10,7,7.508518973657826e-5,3.196976623310025e-5,2018W40,7.508518973657827e-5,3.196976623310025e-5
2018-10-08T00:00:00Z,2018,10,8,7.403419350888642e-5,2.770979599601311e-5,2018W41,7.403419350888642e-5,2.770979599601311e-5
2018-10-09T00:00:00Z,2018,10,9,8.361599527902218e-5,3.233607919604126e-5,2018W41,8.361599527902218e-5,3.233607919604126e-5
2018-10-10T00:00:00Z,2018,10,10,9.043254071172992e-5,3.0433399737773405e-5,2018W41,9.043254071172992e-5,3.0433399737773405e-5
2018-10-11T00:00:00Z,2018,10,11,NA,NA,2018W41,9.993125931011725e-5,3.678098692310453e-5
2018-10-12T00:00:00Z,2018,10,12,NA,NA,2018W41,1.0439510368626094e-4,4.383467651622726e-5
2018-10-13T00:00:00Z,2018,10,13,8.759596575992909e-5,3.4221427194895e-5,2018W41,8.759596575992909e-5,3.4221427194895e-5
2018-10-14T00:00:00Z,2018,10,14,5.7015101813322735e-5,1.2105346769830947e-5,2018W41,5.7015101813322735e-5,1.2105346769830947e-5
2018-10-15T00:00:00Z,2018,10,15,NA,NA,2018W42,8.110337198239339e-5,3.6362228172393606e-5
2018-10-16T00:00:00Z,2018,10,16,1.165495863816e-4,6.165736782193554e-5,2018W42,1.1654958638159999e-4,6.165736782193554e-5
2018-10-17T00:00:00Z,2018,10,17,1.106032742533e-4,4.164356957207885e-5,2018W42,1.106032742533e-4,4.164356957207885e-5
2018-10-18T00:00:00Z,2018,10,18,NA,NA,2018W42,9.474200733702855e-5,3.0191978444976522e-5
2018-10-19T00:00:00Z,2018,10,19,7.092693650283432e-5,2.5680821454203292e-5,2018W42,7.092693650283432e-5,2.5680821454203295e-5
2018-10-20T00:00:00Z,2018,10,20,NA,NA,2018W42,3.398184792543184e-5,1.1572736462759985e-5
2018-10-21T00:00:00Z,2018,10,21,NA,NA,2018W42,4.126062591565334e-6,0
2018-10-22T00:00:00Z,2018,10,22,7.92778519098647e-6,0,2018W43,7.927785190986456e-6,0
2018-10-23T00:00:00Z,2018,10,23,5.207287612538366e-5,1.971030721968536e-5,2018W43,5.207287612538366e-5,1.971030721968536e-5
2018-10-24T00:00:00Z,2018,10,24,NA,NA,2018W43,8.128565311603356e-5,1.4188608581949026e-5
2018-10-25T00:00:00Z,2018,10,25,NA,NA,2018W43,9.067942748351433e-5,0
2018-10-26T00:00:00Z,2018,10,26,9.293534502024536e-5,3.994452622652044e-6,2018W43,9.293534502024536e-5,3.994452622652042e-6
2018-10-27T00:00:00Z,2018,10,27,9.086838050094631e-5,3.741739792763216e-5,2018W43,9.086838050094631e-5,3.741739792763216e-5
2018-10-28T00:00:00Z,2018,10,28,7.097444450217479e-5,3.0925672112716454e-5,2018W43,7.097444450217479e-5,3.0925672112716454e-5
2018-10-29T00:00:00Z,2018,10,29,NA,NA,2018W44,8.314403718604884e-5,2.178393333485603e-5
2018-10-30T00:00:00Z,2018,10,30,NA,NA,2018W44,1.231264030381785e-4,2.4168310551271432e-5
2018-10-31T00:00:00Z,2018,10,31,NA,NA,2018W44,1.673490676568876e-4,3.7296755386691894e-5
2018-11-01T00:00:00Z,2018,11,1,1.922395566405e-4,6.038721946584666e-5,2018W44,1.9223955664049997e-4,6.0387219465846676e-5
2018-11-02T00:00:00Z,2018,11,2,NA,NA,2018W44,1.7708230680793578e-4,8.485036067727928e-5
2018-11-03T00:00:00Z,2018,11,3,1.125893998605e-4,7.086766196479049e-5,2018W44,1.1258939986049999e-4,7.086766196479049e-5
2018-11-04T00:00:00Z,2018,11,4,5.515511925287435e-5,2.6738312299906364e-5,2018W44,5.515511925287435e-5,2.6738312299906364e-5
2018-11-05T00:00:00Z,2018,11,5,1.3172451797855e-4,6.558008432201743e-5,2018W45,1.3172451797855e-4,6.558008432201742e-5
2018-11-06T00:00:00Z,2018,11,6,5.227999623389167e-5,2.0809210786886735e-5,2018W45,5.227999623389167e-5,2.0809210786886735e-5
2018-11-07T00:00:00Z,2018,11,7,9.27262127018001e-5,4.371080652767668e-5,2018W45,9.27262127018001e-5,4.371080652767668e-5
2018-11-08T00:00:00Z,2018,11,8,4.6200890910599e-5,2.6612341591070366e-5,2018W45,4.6200890910599e-5,2.6612341591070366e-5
2018-11-09T00:00:00Z,2018,11,9,8.635862331275592e-5,4.685389708800691e-5,2018W45,8.635862331275592e-5,4.685389708800691e-5
2018-11-10T00:00:00Z,2018,11,10,NA,NA,2018W45,1.594725471742354e-4,5.191903590690972e-5
2018-11-11T00:00:00Z,2018,11,11,NA,NA,2018W45,2.1163359170345725e-4,3.355088860963087e-5
2018-11-12T00:00:00Z,2018,11,12,NA,NA,2018W46,2.1595931871393946e-4,1.0120771279538302e-5
2018-11-13T00:00:00Z,2018,11,13,1.455672900192e-4,0,2018W46,1.455672900192e-4,0
2018-11-14T00:00:00Z,2018,11,14,4.17153751175473e-5,1.316309589030804e-5,2018W46,4.17153751175473e-5,1.316309589030804e-5
2018-11-15T00:00:00Z,2018,11,15,8.010608621990176e-5,2.608901723433918e-5,2018W46,8.010608621990178e-5,2.608901723433918e-5
2018-11-16T00:00:00Z,2018,11,16,5.8528590382222045e-5,1.86524730148592e-5,2018W46,5.8528590382222045e-5,1.86524730148592e-5
2018-11-17T00:00:00Z,2018,11,17,NA,NA,2018W46,3.0265967167051026e-5,1.0904176024857436e-5
2018-11-18T00:00:00Z,2018,11,18,2.6852809272744568e-5,1.1841222523469265e-5,2018W46,2.6852809272744575e-5,1.1841222523469263e-5
2018-11-19T00:00:00Z,2018,11,19,5.382879181604776e-5,2.6040911617332103e-5,2018W47,5.382879181604776e-5,2.6040911617332103e-5
2018-11-20T00:00:00Z,2018,11,20,1.018513816423e-4,4.725708356489552e-5,2018W47,1.018513816423e-4,4.725708356489552e-5
2018-11-21T00:00:00Z,2018,11,21,7.145582569784988e-5,3.138893932860566e-5,2018W47,7.145582569784988e-5,3.138893932860566e-5
2018-11-22T00:00:00Z,2018,11,22,NA,NA,2018W47,3.781757427171934e-5,5.7872947467506345e-6
2018-11-23T00:00:00Z,2018,11,23,NA,NA,2018W47,2.9618325540729315e-5,0
2018-11-24T00:00:00Z,2018,11,24,4.889451529056245e-5,1.48417437857456e-5,2018W47,4.8894515290562454e-5,1.4841743785745602e-5
2018-11-25T00:00:00Z,2018,11,25,8.180905075188058e-5,6.11184532196144e-5,2018W47,8.180905075188058e-5,6.11184532196144e-5
2018-11-26T00:00:00Z,2018,11,26,NA,NA,2018W48,7.460087599500926e-5,6.266271211688929e-5
2018-11-27T00:00:00Z,2018,11,27,NA,NA,2018W48,5.191601077424076e-5,3.523215328479888e-5
2018-11-28T00:00:00Z,2018,11,28,6.197062590361425e-5,2.195672897851875e-5,2018W48,6.197062590361421e-5,2.1956728978518782e-5
2018-11-29T00:00:00Z,2018,11,29,NA,NA,2018W48,1.2715425795771333e-4,4.861465893313395e-5
2018-11-30T00:00:00Z,2018,11,30,1.665499065533e-4,7.157723280336743e-5,2018W48,1.665499065533e-4,7.157723280336743e-5
2018-12-01T00:00:00Z,2018,12,1,NA,NA,2018W48,1.1113423514560425e-4,4.893873425467197e-5
2018-12-02T00:00:00Z,2018,12,2,4.276509950155038e-5,1.5092353075781794e-5,2018W48,4.276509950155042e-5,1.5092353075781798e-5
2018-12-03T00:00:00Z,2018,12,3,6.016858980426031e-5,1.952229545555736e-5,2018W49,6.016858980426031e-5,1.952229545555736e-5
2018-12-04T00:00:00Z,2018,12,4,1.36503139889e-4,6.71739606887304e-5,2018W49,1.36503139889e-4,6.71739606887304e-5
2018-12-05T00:00:00Z,2018,12,5,1.097057761441e-4,6.757151225919717e-5,2018W49,1.097057761441e-4,6.757151225919717e-5
2018-12-06T00:00:00Z,2018,12,6,8.313816229299217e-5,3.4067325357941494e-5,2018W49,8.313816229299219e-5,3.4067325357941494e-5
2018-12-07T00:00:00Z,2018,12,7,2.566210712307e-4,6.653523506817194e-5,2018W49,2.566210712307e-4,6.653523506817194e-5
2018-12-08T00:00:00Z,2018,12,8,3.431587607028783e-5,1.2552296232898672e-5,2018W49,3.4315876070287806e-5,1.2552296232898669e-5
2018-12-09T00:00:00Z,2018,12,9,NA,NA,2018W49,0,0
2018-12-10T00:00:00Z,2018,12,10,NA,NA,2018W50,0,0
2018-12-11T00:00:00Z,2018,12,11,NA,NA,2018W50,0,5.824271244732601e-6
2018-12-12T00:00:00Z,2018,12,12,4.64783321566912e-5,1.0628349931821776e-5,2018W50,4.647833215669131e-5,1.0628349931821811e-5
2018-12-13T00:00:00Z,2018,12,13,NA,NA,2018W50,3.1868279161067954e-5,0
2018-12-14T00:00:00Z,2018,12,14,4.984497235087482e-5,8.45601963663957e-6,2018W50,4.9844972350874845e-5,8.456019636639564e-6
2018-12-15T00:00:00Z,2018,12,15,1.368866161167e-4,7.243984323096174e-5,2018W50,1.368866161167e-4,7.243984323096174e-5
2018-12-16T00:00:00Z,2018,12,16,4.3633482607664376e-5,1.8615997196116263e-5,2018W50,4.363348260766437e-5,1.861599719611626e-5
2018-12-17T00:00:00Z,2018,12,17,NA,NA,2018W51,1.8481054564649512e-6,0
2018-12-18T00:00:00Z,2018,12,18,4.038777415959865e-5,1.335000146928722e-5,2018W51,4.0387774159598675e-5,1.3350001469287219e-5
2018-12-19T00:00:00Z,2018,12,19,8.775865319160868e-5,4.473019704651641e-5,2018W51,8.775865319160868e-5,4.473019704651641e-5
2018-12-20T00:00:00Z,2018,12,20,NA,NA,2018W51,7.774518981245129e-5,3.726387078035095e-5
2018-12-21T00:00:00Z,2018,12,21,6.321568412301087e-5,2.289611855644434e-5,2018W51,6.321568412301088e-5,2.289611855644434e-5
2018-12-22T00:00:00Z,2018,12,22,8.654155946667974e-5,3.3077763815066163e-5,2018W51,8.654155946667974e-5,3.3077763815066163e-5
2018-12-23T00:00:00Z,2018,12,23,6.654597959577827e-5,2.8159178421878125e-5,2018W51,6.654597959577827e-5,2.815917842187812e-5
2018-12-24T00:00:00Z,2018,12,24,4.298354330779826e-5,1.5541671300322655e-5,2018W52,4.298354330779826e-5,1.5541671300322655e-5
2018-12-25T00:00:00Z,2018,12,25,4.982816284961375e-5,1.6743570306875664e-5,2018W52,4.982816284961375e-5,1.6743570306875664e-5
2018-12-26T00:00:00Z,2018,12,26,8.742712166444023e-5,4.433530961757175e-5,2018W52,8.742712166444023e-5,4.433530961757175e-5
2018-12-27T00:00:00Z,2018,12,27,NA,NA,2018W52,6.503701817029141e-5,3.194406731594623e-5
2018-12-28T00:00:00Z,2018,12,28,3.881528424920471e-5,1.5974684665267863e-5,2018W52,3.881528424920472e-5,1.5974684665267877e-5
2018-12-29T00:00:00Z,2018,12,29,5.776058216718088e-5,2.8522672036509194e-5,2018W52,5.776058216718088e-5,2.8522672036509194e-5
2018-12-30T00:00:00Z,2018,12,30,3.272968198875872e-5,7.41801675735672e-6,2018W52,3.272968198875872e-5,7.418016757356722e-6
2018-12-31T00:00:00Z,2018,12,31,4.041502734082664e-5,1.8164223798927088e-5,2019W01,4.041502734082664e-5,1.8164223798927088e-5
2019-01-01T00:00:00Z,2019,1,1,1.0334739640717722e-5,2.9183447972884e-6,2019W01,1.0334739640717722e-5,2.9183447972884006e-6
2019-01-02T00:00:00Z,2019,1,2,NA,NA,2019W01,2.5428730838613123e-5,4.4872731414077745e-6
2019-01-03T00:00:00Z,2019,1,3,7.96438073335481e-5,2.8433369712513564e-5,2019W01,7.964380733354809e-5,2.8433369712513558e-5
2019-01-04T00:00:00Z,2019,1,4,1.106833062883e-4,4.65921461195082e-5,2019W01,1.106833062883e-4,4.65921461195082e-5
2019-01-05T00:00:00Z,2019,1,5,4.74002231724108e-5,1.4963686110261135e-5,2019W01,4.740022317241081e-5,1.4963686110261134e-5
2019-01-06T00:00:00Z,2019,1,6,NA,NA,2019W01,6.707942322124399e-6,1.8350071419283352e-6
2019-01-07T00:00:00Z,2019,1,7,NA,NA,2019W02,9.10739270716926e-6,1.3259323060796381e-5
2019-01-08T00:00:00Z,2019,1,8,3.568381173195645e-5,3.0316808126344298e-5,2019W02,3.568381173195643e-5,3.0316808126344325e-5
2019-01-09T00:00:00Z,2019,1,9,NA,NA,2019W02,6.789257303730575e-5,3.759091750754829e-5
2019-01-10T00:00:00Z,2019,1,10,NA,NA,2019W02,8.866959520967174e-5,3.367823001137275e-5
2019-01-11T00:00:00Z,2019,1,11,8.132093307191772e-5,2.0678605354279173e-5,2019W02,8.132093307191773e-5,2.0678605354279183e-5
2019-01-12T00:00:00Z,2019,1,12,4.395305535914373e-5,1.4881714708422257e-5,2019W02,4.395305535914373e-5,1.4881714708422257e-5
2019-01-13T00:00:00Z,2019,1,13,NA,NA,2019W02,2.5511963929936498e-5,5.970480454849405e-5
2019-01-14T00:00:00Z,2019,1,14,5.629558445327792e-5,9.422825072393812e-5,2019W03,5.629558445327792e-5,9.42282507239381e-5
2019-01-15T00:00:00Z,2019,1,15,NA,NA,2019W03,1.348255686160404e-4,5.818470962323419e-5
2019-01-16T00:00:00Z,2019,1,16,1.659669622785e-4,1.244264187194856e-5,2019W03,1.659669622785e-4,1.2442641871948564e-5
2019-01-17T00:00:00Z,2019,1,17,NA,NA,2019W03,8.118426521669348e-5,2.0409972119035274e-5
2019-01-18T00:00:00Z,2019,1,18,1.199639869629688e-5,3.451667686991255e-5,2019W03,1.1996398696296882e-5,3.451667686991255e-5
2019-01-19T00:00:00Z,2019,1,19,4.9244588754513734e-5,1.5466227329071966e-5,2019W03,4.9244588754513734e-5,1.5466227329071966e-5
2019-01-20T00:00:00Z,2019,1,20,3.370632476222439e-5,2.890590597429285e-5,2019W03,3.370632476222439e-5,2.890590597429285e-5
2019-01-21T00:00:00Z,2019,1,21,7.226521901204068e-5,3.596250833603863e-5,2019W04,7.226521901204068e-5,3.596250833603863e-5
2019-01-22T00:00:00Z,2019,1,22,6.9978694253447e-5,2.6374626377119056e-5,2019W04,6.9978694253447e-5,2.6374626377119056e-5
2019-01-23T00:00:00Z,2019,1,23,5.92662209155925e-5,1.9583312309755607e-5,2019W04,5.92662209155925e-5,1.9583312309755607e-5
2019-01-24T00:00:00Z,2019,1,24,4.782991496123981e-5,2.3089863745984765e-5,2019W04,4.782991496123981e-5,2.3089863745984765e-5
2019-01-25T00:00:00Z,2019,1,25,NA,NA,2019W04,5.6508808554376334e-5,1.5341693517410733e-5
2019-01-26T00:00:00Z,2019,1,26,NA,NA,2019W04,7.142178686643578e-5,3.078447072474954e-6
2019-01-27T00:00:00Z,2019,1,27,6.690963995127865e-5,2.4114723169543525e-6,2019W04,6.690963995127866e-5,2.4114723169543474e-6
2019-01-28T00:00:00Z,2019,1,28,3.694069327610828e-5,1.4711530948947538e-5,2019W05,3.694069327610828e-5,1.4711530948947538e-5
2019-01-29T00:00:00Z,2019,1,29,4.023937569925498e-5,1.5210578399633685e-5,2019W05,4.023937569925498e-5,1.5210578399633683e-5
2019-01-30T00:00:00Z,2019,1,30,8.13455808547605e-5,3.96440978245079e-5,2019W05,8.13455808547605e-5,3.96440978245079e-5
2019-01-31T00:00:00Z,2019,1,31,9.527775154303584e-5,0,2019W05,9.527775154303584e-5,6.776263578034403e-21
2019-02-01T00:00:00Z,2019,2,1,NA,NA,2019W05,7.743667669065969e-5,0
2019-02-02T00:00:00Z,2019,2,2,4.869233333507744e-5,1.7314188173426193e-5,2019W05,4.869233333507744e-5,1.7314188173426172e-5
2019-02-03T00:00:00Z,2019,2,3,5.1602750622589846e-5,5.4901675754307154e-5,2019W05,5.1602750622589846e-5,5.4901675754307154e-5
2019-02-04T00:00:00Z,2019,2,4,1.187140403508e-4,3.6707700287869325e-5,2019W06,1.187140403508e-4,3.670770028786932e-5
2019-02-05T00:00:00Z,2019,2,5,6.751901643030285e-5,2.0562516532509037e-5,2019W06,6.751901643030285e-5,2.0562516532509037e-5
2019-02-06T00:00:00Z,2019,2,6,5.709433994113458e-5,4.52903770066774e-5,2019W06,5.709433994113458e-5,4.52903770066774e-5
2019-02-07T00:00:00Z,2019,2,7,7.933779415043849e-5,8.112603048913863e-5,2019W06,7.933779415043849e-5,8.112603048913863e-5
2019-02-08T00:00:00Z,2019,2,8,1.03299596191e-4,6.02302843924343e-5,2019W06,1.03299596191e-4,6.02302843924343e-5
2019-02-09T00:00:00Z,2019,2,9,8.088638310679326e-5,2.1558752366438816e-5,2019W06,8.088638310679326e-5,2.1558752366438816e-5
2019-02-10T00:00:00Z,2019,2,10,5.57480521260017e-5,1.27584950472942e-5,2019W06,5.57480521260017e-5,1.27584950472942e-5
2019-02-11T00:00:00Z,2019,2,11,5.232628442859777e-5,2.7427505978829056e-5,2019W07,5.232628442859777e-5,2.7427505978829056e-5
2019-02-12T00:00:00Z,2019,2,12,6.162167639911399e-5,4.218064179843234e-5,2019W07,6.162167639911399e-5,4.218064179843234e-5
2019-02-13T00:00:00Z,2019,2,13,7.021319820737968e-5,7.793108150315773e-5,2019W07,7.021319820737968e-5,7.793108150315773e-5
2019-02-14T00:00:00Z,2019,2,14,NA,NA,2019W07,1.7047955989974502e-4,7.117747930146489e-5
2019-02-15T00:00:00Z,2019,2,15,2.0404617432314998e-4,3.7346997138155795e-5,2019W07,2.0404617432315004e-4,3.7346997138155795e-5
2019-02-16T00:00:00Z,2019,2,16,6.772507777072953e-5,2.204827742050338e-5,2019W07,6.772507777072953e-5,2.204827742050338e-5
2019-02-17T00:00:00Z,2019,2,17,4.812453080588024e-5,4.359822738867097e-5,2019W07,4.8124530805880236e-5,4.359822738867097e-5
2019-02-18T00:00:00Z,2019,2,18,7.862917398604986e-5,2.7402216014147694e-5,2019W08,7.862917398604986e-5,2.7402216014147694e-5
2019-02-19T00:00:00Z,2019,2,19,9.472376219659351e-5,2.533054575745217e-5,2019W08,9.472376219659351e-5,2.533054575745217e-5
2019-02-20T00:00:00Z,2019,2,20,6.914288480350703e-5,5.0819741196849586e-5,2019W08,6.914288480350703e-5,5.0819741196849586e-5
2019-02-21T00:00:00Z,2019,2,21,1.487110502067e-4,1.070163620939e-4,2019W08,1.487110502067e-4,1.0701636209389998e-4
2019-02-22T00:00:00Z,2019,2,22,2.631929890212e-4,0,2019W08,2.631929890212e-4,0
2019-02-23T00:00:00Z,2019,2,23,NA,NA,2019W08,1.6948902159078194e-4,0
2019-02-24T00:00:00Z,2019,2,24,2.708576175791677e-5,2.0593273652714425e-5,2019W08,2.708576175791677e-5,2.0593273652714486e-5
2019-02-25T00:00:00Z,2019,2,25,NA,NA,2019W09,3.249082863046848e-5,1.0666551383199721e-5
2019-02-26T00:00:00Z,2019,2,26,6.942856239702686e-5,2.9705704419525322e-5,2019W09,6.942856239702686e-5,2.970570441952535e-5
2019-02-27T00:00:00Z,2019,2,27,8.796758315958404e-5,1.032072455789e-4,2019W09,8.796758315958404e-5,1.032072455789e-4
2019-02-28T00:00:00Z,2019,2,28,2.745219376021e-4,3.131785875726189e-5,2019W09,2.745219376021e-4,3.13178587572619e-5
2019-03-01T00:00:00Z,2019,3,1,6.754574888934032e-5,2.5726845386500065e-5,2019W09,6.754574888934032e-5,2.5726845386500065e-5
2019-03-02T00:00:00Z,2019,3,2,7.467274433446699e-5,1.1379781526076878e-5,2019W09,7.467274433446702e-5,1.1379781526076882e-5
2019-03-03T00:00:00Z,2019,3,3,2.98147845246876e-5,2.3324069006049476e-5,2019W09,2.98147845246876e-5,2.3324069006049476e-5
2019-03-04T00:00:00Z,2019,3,4,NA,NA,2019W10,2.2784856814580254e-5,3.097806513957791e-5
2019-03-05T00:00:00Z,2019,3,5,6.371297685858075e-5,4.9720253427561615e-5,2019W10,6.371297685858075e-5,4.9720253427561615e-5
2019-03-06T00:00:00Z,2019,3,6,1.036897886802e-4,7.469249591256401e-5,2019W10,1.036897886802e-4,7.469249591256401e-5
2019-03-07T00:00:00Z,2019,3,7,1.141405406852e-4,1.801902270818179e-5,2019W10,1.141405406852e-4,1.801902270818179e-5
2019-03-08T00:00:00Z,2019,3,8,4.8199199080961444e-5,1.3424460155912193e-5,2019W10,4.8199199080961444e-5,1.3424460155912193e-5
2019-03-09T00:00:00Z,2019,3,9,5.453161452707507e-5,2.190087387598672e-5,2019W10,5.4531614527075064e-5,2.190087387598672e-5
2019-03-10T00:00:00Z,2019,3,10,5.183233628281873e-5,1.649889143132332e-5,2019W10,5.183233628281873e-5,1.649889143132332e-5
2019-03-11T00:00:00Z,2019,3,11,3.5077055748597805e-5,4.740567461441719e-6,2019W11,3.5077055748597805e-5,4.74056746144172e-6
2019-03-12T00:00:00Z,2019,3,12,NA,NA,2019W11,2.320246906551738e-5,1.212568739478894e-5
2019-03-13T00:00:00Z,2019,3,13,3.942649562376848e-5,2.942662907920265e-5,2019W11,3.942649562376848e-5,2.9426629079202656e-5
2019-03-14T00:00:00Z,2019,3,14,8.410314302207897e-5,4.054442413099652e-5,2019W11,8.410314302207897e-5,4.054442413099652e-5
2019-03-15T00:00:00Z,2019,3,15,NA,NA,2019W11,8.569027581619517e-5,4.31255365043084e-5
2019-03-16T00:00:00Z,2019,3,16,NA,NA,2019W11,6.339452282495784e-5,3.80285992219691e-5
2019-03-17T00:00:00Z,2019,3,17,6.541525954023163e-5,2.6052461569272655e-5,2019W11,6.541525954023163e-5,2.6052461569272655e-5
2019-03-18T00:00:00Z,2019,3,18,7.76901890386366e-5,2.11616989385241e-5,2019W12,7.76901890386366e-5,2.11616989385241e-5
2019-03-19T00:00:00Z,2019,3,19,NA,NA,2019W12,0,6.360815362473779e-5
2019-03-20T00:00:00Z,2019,3,20,5.274150003196893e-5,1.013068439286e-4,2019W12,5.2741500031968985e-5,1.013068439286e-4
2019-03-21T00:00:00Z,2019,3,21,4.141539176857e-4,8.012713532977266e-5,2019W12,4.141539176857e-4,8.012713532977266e-5
2019-03-22T00:00:00Z,2019,3,22,1.914239878172e-4,3.6137309370892575e-5,2019W12,1.914239878171999e-4,3.6137309370892575e-5
2019-03-23T00:00:00Z,2019,3,23,5.757260753316414e-5,8.7038774502026e-6,2019W12,5.757260753316414e-5,8.7038774502026e-6
2019-03-24T00:00:00Z,2019,3,24,5.562434363021202e-5,2.02602815920159e-5,2019W12,5.562434363021202e-5,2.0260281592015902e-5
2019-03-25T00:00:00Z,2019,3,25,1.14913671292e-4,2.1145322306223406e-13,2019W13,1.14913671292e-4,2.1145322306223406e-13
2019-03-26T00:00:00Z,2019,3,26,1.8681599613046277e-5,2.0119067467661064e-5,2019W13,1.868159961304626e-5,2.011906746766106e-5
2019-03-27T00:00:00Z,2019,3,27,5.770370127607019e-5,3.579592386950995e-5,2019W13,5.770370127607019e-5,3.579592386950995e-5
2019-03-28T00:00:00Z,2019,3,28,7.626640251802269e-5,3.0409415292837523e-5,2019W13,7.626640251802269e-5,3.0409415292837523e-5
2019-03-29T00:00:00Z,2019,3,29,7.523107083960728e-5,2.0789231625021924e-5,2019W13,7.523107083960728e-5,2.0789231625021924e-5
2019-03-30T00:00:00Z,2019,3,30,1.0245781516272944e-4,5.315383725720864e-5,2019W13,1.0245781516272944e-4,5.3153837257208636e-5
2019-03-31T00:00:00Z,2019,3,31,5.376898315586602e-5,6.175073138987816e-5,2019W13,5.376898315586602e-5,6.175073138987816e-5
2019-04-01T00:00:00Z,2019,4,1,NA,NA,2019W14,5.048941683419097e-5,4.524858289762467e-5
2019-04-02T00:00:00Z,2019,4,2,NA,NA,2019W14,8.613958536188383e-5,2.7256668368328142e-5
2019-04-03T00:00:00Z,2019,4,3,1.010743866162e-4,3.115599154286616e-5,2019W14,1.0107438661620001e-4,3.1155991542866174e-5
2019-04-04T00:00:00Z,2019,4,4,NA,NA,2019W14,6.829867528774147e-5,6.226882738669706e-5
2019-04-05T00:00:00Z,2019,4,5,9.141713332049674e-5,5.3682535763602176e-5,2019W14,9.141713332049674e-5,5.3682535763602176e-5
2019-04-06T00:00:00Z,2019,4,6,1.676234276956e-4,3.5527307375136574e-5,2019W14,1.676234276956e-4,3.5527307375136574e-5
2019-04-07T00:00:00Z,2019,4,7,9.949267981591282e-5,1.947458068711e-4,2019W14,9.949267981591282e-5,1.9474580687110006e-4
2019-04-08T00:00:00Z,2019,4,8,3.624950564434e-4,3.290478585659453e-5,2019W15,3.624950564434e-4,3.290478585659453e-5
2019-04-09T00:00:00Z,2019,4,9,5.971660351120507e-5,5.6441881642177264e-5,2019W15,5.971660351120506e-5,5.644188164217727e-5
2019-04-10T00:00:00Z,2019,4,10,1.550458818569e-4,3.389429003149052e-5,2019W15,1.550458818569e-4,3.389429003149052e-5
2019-04-11T00:00:00Z,2019,4,11,6.580983138555748e-5,1.180679849695e-4,2019W15,6.580983138555748e-5,1.1806798496949998e-4
2019-04-12T00:00:00Z,2019,4,12,1.921275768579e-4,4.152166135284814e-5,2019W15,1.921275768579e-4,4.152166135284814e-5
2019-04-13T00:00:00Z,2019,4,13,8.328465063093899e-5,2.1819322173459503e-5,2019W15,8.328465063093902e-5,2.1819322173459503e-5
2019-04-14T00:00:00Z,2019,4,14,6.901527009114619e-5,3.36731805342834e-5,2019W15,6.901527009114619e-5,3.36731805342834e-5
2019-04-15T00:00:00Z,2019,4,15,NA,NA,2019W16,9.945464005158656e-5,4.061190638060914e-5
2019-04-16T00:00:00Z,2019,4,16,9.75536093196076e-5,3.637904787544292e-5,2019W16,9.75536093196076e-5,3.637904787544292e-5
2019-04-17T00:00:00Z,2019,4,17,8.612400475350662e-5,2.1835659622508084e-5,2019W16,8.612400475350662e-5,2.1835659622508084e-5
2019-04-18T00:00:00Z,2019,4,18,1.696760145209e-4,1.6978359513418295e-5,2019W16,1.696760145209e-4,1.6978359513418295e-5
2019-04-19T00:00:00Z,2019,4,19,8.953034608453396e-5,2.270374328514456e-5,2019W16,8.953034608453396e-5,2.270374328514456e-5
2019-04-20T00:00:00Z,2019,4,20,7.250063216106541e-5,3.2403297460081125e-5,2019W16,7.250063216106541e-5,3.2403297460081125e-5
2019-04-21T00:00:00Z,2019,4,21,1.211441884506e-4,6.675830624965992e-5,2019W16,1.211441884506e-4,6.675830624965992e-5
2019-04-22T00:00:00Z,2019,4,22,1.711692859782e-4,1.017813118006e-4,2019W17,1.711692859782e-4,1.017813118006e-4
2019-04-23T00:00:00Z,2019,4,23,2.272774447029e-4,1.742410044735054e-5,2019W17,2.272774447029e-4,1.742410044735054e-5
2019-04-24T00:00:00Z,2019,4,24,NA,NA,2019W17,2.1707413701859855e-4,0
2019-04-25T00:00:00Z,2019,4,25,NA,NA,2019W17,1.5569116262126678e-4,0
2019-04-26T00:00:00Z,2019,4,26,NA,NA,2019W17,8.839285530137683e-5,1.3413886395285677e-5
2019-04-27T00:00:00Z,2019,4,27,6.044354884940092e-5,2.51791032047745e-5,2019W17,6.044354884940096e-5,2.5179103204774517e-5
2019-04-28T00:00:00Z,2019,4,28,7.503548275583725e-5,7.71110362755126e-6,2019W17,7.503548275583725e-5,7.71110362755126e-6
2019-04-29T00:00:00Z,2019,4,29,3.2305448860878685e-5,2.4505027605940717e-5,2019W18,3.230544886087869e-5,2.4505027605940717e-5
2019-04-30T00:00:00Z,2019,4,30,NA,NA,2019W18,1.7292576385481874e-5,3.033640982102835e-5
2019-05-01T00:00:00Z,2019,5,1,4.443977802969379e-5,2.808704319304756e-5,2019W18,4.443977802969379e-5,2.808704319304756e-5
2019-05-02T00:00:00Z,2019,5,2,NA,NA,2019W18,8.767209838811527e-5,3.5858603740492314e-5
2019-05-03T00:00:00Z,2019,5,3,9.467225570406284e-5,4.476805431736887e-5,2019W18,9.467225570406284e-5,4.476805431736887e-5
2019-05-04T00:00:00Z,2019,5,4,5.792596029110956e-5,4.706135099712842e-5,2019W18,5.792596029110956e-5,4.706135099712842e-5
2019-05-05T00:00:00Z,2019,5,5,NA,NA,2019W18,1.0540425825906224e-4,5.560086426210605e-5
2019-05-06T00:00:00Z,2019,5,6,1.365659340315e-4,4.758704957166978e-5,2019W19,1.3656593403150002e-4,4.758704957166978e-5
2019-05-07T00:00:00Z,2019,5,7,7.512279964197543e-5,1.617929132507254e-5,2019W19,7.512279964197543e-5,1.617929132507254e-5
2019-05-08T00:00:00Z,2019,5,8,9.910592827730886e-5,2.3988508057708783e-5,2019W19,9.910592827730886e-5,2.3988508057708783e-5
2019-05-09T00:00:00Z,2019,5,9,NA,NA,2019W19,7.004913958874899e-5,2.8405870333763822e-5
2019-05-10T00:00:00Z,2019,5,10,4.5139562765025474e-5,2.73897768934932e-5,2019W19,4.513956276502549e-5,2.7389776893493203e-5
2019-05-11T00:00:00Z,2019,5,11,9.496630929938053e-5,3.8924472762482904e-5,2019W19,9.496630929938053e-5,3.8924472762482904e-5
2019-05-12T00:00:00Z,2019,5,12,1.025852856175e-4,5.979025570713682e-5,2019W19,1.025852856175e-4,5.979025570713682e-5
2019-05-13T00:00:00Z,2019,5,13,1.322789559132e-4,3.580971468147303e-5,2019W20,1.322789559132e-4,3.580971468147303e-5
2019-05-14T00:00:00Z,2019,5,14,1.127902159398e-4,2.3588832127865408e-5,2019W20,1.1279021593980001e-4,2.3588832127865408e-5
2019-05-15T00:00:00Z,2019,5,15,6.027591839554532e-5,2.4845872895005965e-5,2019W20,6.027591839554532e-5,2.4845872895005965e-5
2019-05-16T00:00:00Z,2019,5,16,6.684581810757946e-5,3.6101075292294154e-5,2019W20,6.684581810757946e-5,3.6101075292294154e-5
2019-05-17T00:00:00Z,2019,5,17,8.34131295827053e-5,1.997690273204876e-5,2019W20,8.34131295827053e-5,1.997690273204876e-5
2019-05-18T00:00:00Z,2019,5,18,1.094020633199e-4,8.670536377326674e-6,2019W20,1.094020633199e-4,8.670536377326672e-6
2019-05-19T00:00:00Z,2019,5,19,5.410179013080364e-5,1.813554081309121e-5,2019W20,5.410179013080364e-5,1.813554081309121e-5
2019-05-20T00:00:00Z,2019,5,20,NA,NA,2019W21,0,3.96329267071357e-5
2019-05-21T00:00:00Z,2019,5,21,NA,NA,2019W21,0,5.882104874582977e-5
2019-05-22T00:00:00Z,2019,5,22,6.160744886417407e-5,6.0905139771512974e-5,2019W21,6.160744886417406e-5,6.090513977151297e-5
2019-05-23T00:00:00Z,2019,5,23,2.37733895661e-4,4.668820277124965e-5,2019W21,2.37733895661e-4,4.668820277124965e-5
2019-05-24T00:00:00Z,2019,5,24,1.902213288829e-4,5.656791237485577e-5,2019W21,1.902213288829e-4,5.656791237485577e-5
2019-05-25T00:00:00Z,2019,5,25,NA,NA,2019W21,1.487798304607159e-4,6.515887734737769e-5
2019-05-26T00:00:00Z,2019,5,26,NA,NA,2019W21,1.6474160637088158e-4,6.349849645809917e-5
2019-05-27T00:00:00Z,2019,5,27,NA,NA,2019W22,1.993586339947064e-4,5.242896821140016e-5
2019-05-28T00:00:00Z,2019,5,28,2.138828907135e-4,3.279249111166069e-5,2019W22,2.1388289071349996e-4,3.279249111166069e-5
2019-05-29T00:00:00Z,2019,5,29,NA,NA,2019W22,1.8269164860855737e-4,8.796218930283978e-6
2019-05-30T00:00:00Z,2019,5,30,NA,NA,2019W22,1.3266335856111622e-4,0
2019-05-31T00:00:00Z,2019,5,31,1.038017661524e-4,2.1757143947627308e-5,2019W22,1.038017661524e-4,2.1757143947627295e-5
2019-06-01T00:00:00Z,2019,6,1,1.1109135788924573e-4,6.556920427281512e-5,2019W22,1.1109135788924573e-4,6.556920427281512e-5
2019-06-02T00:00:00Z,2019,6,2,1.341127576942e-4,3.93699779403174e-5,2019W22,1.341127576942e-4,3.936997794031739e-5
2019-06-03T00:00:00Z,2019,6,3,2.239463015335e-4,3.184020060309264e-5,2019W23,2.239463015335e-4,3.184020060309264e-5
2019-06-04T00:00:00Z,2019,6,4,7.497821797791507e-5,3.061017726452107e-5,2019W23,7.497821797791505e-5,3.061017726452107e-5
2019-06-05T00:00:00Z,2019,6,5,NA,NA,2019W23,2.295716899742848e-6,3.4344631949449085e-5
2019-06-06T00:00:00Z,2019,6,6,NA,NA,2019W23,4.257062085149549e-5,3.763122335475228e-5
2019-06-07T00:00:00Z,2019,6,7,1.0603900209797776e-4,3.0215042098032513e-5,2019W23,1.0603900209797778e-4,3.0215042098032513e-5
2019-06-08T00:00:00Z,2019,6,8,1.147028522492e-4,2.3220435157327078e-5,2019W23,1.147028522492e-4,2.3220435157327078e-5
2019-06-09T00:00:00Z,2019,6,9,5.798227713870731e-5,7.719220077336733e-5,2019W23,5.798227713870731e-5,7.719220077336733e-5
2019-06-10T00:00:00Z,2019,6,10,NA,NA,2019W24,1.1334520615047028e-6,1.455175144388702e-4
2019-06-11T00:00:00Z,2019,6,11,NA,NA,2019W24,0,2.0888464789846833e-4
2019-06-12T00:00:00Z,2019,6,12,NA,NA,2019W24,0,2.6383129050453516e-4
2019-06-13T00:00:00Z,2019,6,13,NA,NA,2019W24,0,3.0689513160944416e-4
2019-06-14T00:00:00Z,2019,6,14,NA,NA,2019W24,0,3.3461386056556894e-4
2019-06-15T00:00:00Z,2019,6,15,NA,NA,2019W24,0,3.4352516672528285e-4
2019-06-16T00:00:00Z,2019,6,16,NA,NA,2019W24,0,3.3016673944095943e-4
2019-06-17T00:00:00Z,2019,6,17,NA,NA,2019W25,0,2.9107626806497216e-4
2019-06-18T00:00:00Z,2019,6,18,NA,NA,2019W25,3.095445757832439e-5,2.2279144194969447e-4
2019-06-19T00:00:00Z,2019,6,19,7.83479220060668e-5,1.218499504475e-4,2019W25,7.834792200606683e-5,1.2184995044750006e-4
2019-06-20T00:00:00Z,2019,6,20,1.45002138323e-4,1.444852177072546e-5,2019W25,1.45002138323e-4,1.444852177072546e-5
2019-06-21T00:00:00Z,2019,6,21,NA,NA,2019W25,2.6209356813004575e-4,1.7832206142523402e-6
2019-06-22T00:00:00Z,2019,6,22,3.370262428515e-4,4.016187470369057e-5,2019W25,3.370262428515e-4,4.016187470369055e-5
2019-06-23T00:00:00Z,2019,6,23,NA,NA,2019W25,2.8058308496807543e-4,5.902314640570244e-5
2019-06-24T00:00:00Z,2019,6,24,NA,NA,2019W26,1.541501573165291e-4,5.487631248039478e-5
2019-06-25T00:00:00Z,2019,6,25,5.676430782262934e-5,4.099830328623555e-5,2019W26,5.6764307822629203e-5,4.099830328623554e-5
2019-06-26T00:00:00Z,2019,6,26,NA,NA,2019W26,5.8472260230963946e-5,2.851464888293092e-5
2019-06-27T00:00:00Z,2019,6,27,1.133602415614e-4,1.9945278135140004e-5,2019W26,1.1336024156140003e-4,1.9945278135140007e-5
2019-06-28T00:00:00Z,2019,6,28,NA,NA,2019W26,1.585375165579369e-4,1.547085589775558e-5
2019-06-29T00:00:00Z,2019,6,29,NA,NA,2019W26,1.7916599758582434e-4,1.4520592181652105e-5
2019-06-30T00:00:00Z,2019,6,30,NA,NA,2019W26,1.7242075891562463e-4,1.6335833286699467e-5
2019-07-01T00:00:00Z,2019,7,1,1.354768748179e-4,2.015792551276755e-5,2019W27,1.3547687481790002e-4,2.015792551276755e-5
2019-07-02T00:00:00Z,2019,7,2,NA,NA,2019W27,7.866084466989762e-5,2.6475396539933878e-5
2019-07-03T00:00:00Z,2019,7,3,6.490486827560403e-5,4.0765499569106535e-5,2019W27,6.490486827560404e-5,4.0765499569106535e-5
2019-07-04T00:00:00Z,2019,7,4,1.008067440012e-4,6.518865352483581e-5,2019W27,1.008067440012e-4,6.518865352483581e-5
2019-07-05T00:00:00Z,2019,7,5,8.634794433509706e-5,7.725467033780165e-5,2019W27,8.634794433509706e-5,7.725467033780165e-5
2019-07-06T00:00:00Z,2019,7,6,2.4363596569e-4,5.984030406061669e-5,2019W27,2.4363596569e-4,5.984030406061669e-5
2019-07-07T00:00:00Z,2019,7,7,1.33927221825e-4,6.979644509511652e-5,2019W27,1.3392722182499999e-4,6.979644509511652e-5
2019-07-08T00:00:00Z,2019,7,8,1.555472327641e-4,3.790561835151504e-5,2019W28,1.555472327641e-4,3.790561835151504e-5
2019-07-09T00:00:00Z,2019,7,9,1.681683975962e-4,7.080650350210855e-5,2019W28,1.681683975962e-4,7.080650350210855e-5
2019-07-10T00:00:00Z,2019,7,10,NA,NA,2019W28,1.1401536059854359e-4,2.5294916102835063e-5
2019-07-11T00:00:00Z,2019,7,11,NA,NA,2019W28,6.346849805745193e-5,0
2019-07-12T00:00:00Z,2019,7,12,9.960225158913082e-5,1.480368291124113e-5,2019W28,9.960225158913082e-5,1.4803682911241202e-5
2019-07-13T00:00:00Z,2019,7,13,2.111340003981e-4,1.647656326336e-4,2019W28,2.111340003981e-4,1.647656326336e-4
2019-07-14T00:00:00Z,2019,7,14,1.590240186346e-4,4.245418658869599e-5,2019W28,1.590240186346e-4,4.245418658869595e-5
2019-07-15T00:00:00Z,2019,7,15,1.213436254939e-4,5.435051299310856e-5,2019W29,1.213436254939e-4,5.435051299310856e-5
2019-07-16T00:00:00Z,2019,7,16,9.949294681199236e-5,1.120550260737e-4,2019W29,9.949294681199236e-5,1.120550260737e-4
2019-07-17T00:00:00Z,2019,7,17,1.029899565596e-4,8.362327897580972e-5,2019W29,1.029899565596e-4,8.362327897580972e-5
2019-07-18T00:00:00Z,2019,7,18,NA,NA,2019W29,1.6248428351987095e-4,6.775168627701559e-5
2019-07-19T00:00:00Z,2019,7,19,2.2445594925444998e-4,6.857521855545e-5,2019W29,2.2445594925444998e-4,6.857521855545e-5
2019-07-20T00:00:00Z,2019,7,20,NA,NA,2019W29,2.3191821485532468e-4,5.845702851564655e-5
2019-07-21T00:00:00Z,2019,7,21,NA,NA,2019W29,2.034270430018812e-4,3.8673628643617875e-5
2019-07-22T00:00:00Z,2019,7,22,NA,NA,2019W30,1.7642407177035542e-4,1.7729871370746316e-5
2019-07-23T00:00:00Z,2019,7,23,NA,NA,2019W30,1.8835093923698308e-4,4.130609128414269e-6
2019-07-24T00:00:00Z,2019,7,24,2.76649283478e-4,6.380694348004104e-6,2019W30,2.76649283478e-4,6.380694348004091e-6
2019-07-25T00:00:00Z,2019,7,25,NA,NA,2019W30,4.417471865092626e-4,2.8631459893873422e-5
2019-07-26T00:00:00Z,2019,7,26,NA,NA,2019W30,5.360185061051095e-4,5.762016036228098e-5
2019-07-27T00:00:00Z,2019,7,27,3.748235439795e-4,7.573053078246078e-5,2019W30,3.7482354397950016e-4,7.573053078246078e-5
2019-07-28T00:00:00Z,2019,7,28,1.0693144061193712e-5,7.001499430690811e-5,2019W30,1.0693144061193712e-5,7.001499430690811e-5
2019-07-29T00:00:00Z,2019,7,29,NA,NA,2019W31,1.1669475367647204e-4,4.757960838948837e-5
2019-07-30T00:00:00Z,2019,7,30,2.904841005197e-4,2.571464584062839e-5,2019W31,2.904841005196999e-4,2.571464584062839e-5
2019-07-31T00:00:00Z,2019,7,31,1.017603734559e-4,2.4119492884750687e-5,2019W31,1.017603734559e-4,2.4119492884750687e-5
2019-08-01T00:00:00Z,2019,8,1,6.203561257773726e-5,4.24226560315376e-5,2019W31,6.203561257773726e-5,4.24226560315376e-5
2019-08-02T00:00:00Z,2019,8,2,6.9310603929668e-5,2.31087360074112e-5,2019W31,6.9310603929668e-5,2.31087360074112e-5
2019-08-03T00:00:00Z,2019,8,3,1.293293163233e-4,2.212510272077073e-5,2019W31,1.293293163233e-4,2.212510272077073e-5
2019-08-04T00:00:00Z,2019,8,4,5.439807151584117e-5,3.677176948499529e-5,2019W31,5.439807151584117e-5,3.677176948499529e-5
2019-08-05T00:00:00Z,2019,8,5,8.131812321613078e-5,0,2019W32,8.131812321613076e-5,0
2019-08-06T00:00:00Z,2019,8,6,1.071908221308e-4,2.9234757677012688e-5,2019W32,1.071908221308e-4,2.9234757677012688e-5
2019-08-07T00:00:00Z,2019,8,7,NA,NA,2019W32,7.066317398092557e-5,3.639968208884503e-5
2019-08-08T00:00:00Z,2019,8,8,3.392179496586323e-5,2.41671959493968e-5,2019W32,3.392179496586323e-5,2.41671959493968e-5
2019-08-09T00:00:00Z,2019,8,9,NA,NA,2019W32,5.5387462715375744e-5,2.715168995026886e-5
2019-08-10T00:00:00Z,2019,8,10,9.439589161300243e-5,3.644399150511537e-5,2019W32,9.439589161300244e-5,3.644399150511537e-5
2019-08-11T00:00:00Z,2019,8,11,1.026244954763e-4,3.479896782318608e-5,2019W32,1.026244954763e-4,3.479896782318608e-5
2019-08-12T00:00:00Z,2019,8,12,NA,NA,2019W33,9.409842699913561e-5,2.7763074233903572e-5
2019-08-13T00:00:00Z,2019,8,13,7.55393156970206e-5,7.387515932114759e-5,2019W33,7.55393156970206e-5,7.38751593211476e-5
2019-08-14T00:00:00Z,2019,8,14,7.566995039410055e-5,1.48249704235e-4,2019W33,7.566995039410055e-5,1.48249704235e-4
2019-08-15T00:00:00Z,2019,8,15,2.075931034763e-4,2.2648655712459316e-5,2019W33,2.0759310347630001e-4,2.2648655712459323e-5
2019-08-16T00:00:00Z,2019,8,16,3.438369097332e-4,1.7187834283014456e-13,2019W33,3.438369097332e-4,1.7187834283014456e-13
2019-08-17T00:00:00Z,2019,8,17,6.347163361201213e-5,9.963710531125328e-5,2019W33,6.347163361201214e-5,9.963710531125328e-5
2019-08-18T00:00:00Z,2019,8,18,1.2351929399301296e-5,6.873521065067896e-5,2019W33,1.2351929399301296e-5,6.873521065067896e-5
2019-08-19T00:00:00Z,2019,8,19,2.172261027134e-4,7.87367146906648e-5,2019W34,2.172261027134e-4,7.87367146906648e-5
2019-08-20T00:00:00Z,2019,8,20,2.0674277893309998e-4,1.1813938751275515e-4,2019W34,2.0674277893309998e-4,1.1813938751275515e-4
2019-08-21T00:00:00Z,2019,8,21,1.17789209279e-4,8.175198660111868e-5,2019W34,1.17789209279e-4,8.17519866011187e-5
2019-08-22T00:00:00Z,2019,8,22,4.112330546222e-4,2.850313712568249e-5,2019W34,4.112330546222e-4,2.850313712568249e-5
2019-08-23T00:00:00Z,2019,8,23,1.740701098943e-4,4.3272631742847937e-5,2019W34,1.740701098943e-4,4.327263174284792e-5
2019-08-24T00:00:00Z,2019,8,24,7.082843692410712e-5,0,2019W34,7.082843692410712e-5,0
2019-08-25T00:00:00Z,2019,8,25,NA,NA,2019W34,6.889968277096888e-5,0
2019-08-26T00:00:00Z,2019,8,26,NA,NA,2019W35,7.989301842799738e-5,1.2936228295235051e-5
2019-08-27T00:00:00Z,2019,8,27,8.815073481496041e-5,4.597106025779792e-5,2019W35,8.815073481496041e-5,4.597106025779793e-5
2019-08-28T00:00:00Z,2019,8,28,NA,NA,2019W35,8.79066999260806e-5,6.010782621427331e-5
2019-08-29T00:00:00Z,2019,8,29,1.129610900534e-4,5.317455525700332e-5,2019W35,1.129610900534e-4,5.317455525700332e-5
2019-08-30T00:00:00Z,2019,8,30,NA,NA,2019W35,1.758525277187e-4,3.2411297760002566e-5
2019-08-31T00:00:00Z,2019,8,31,1.645071120649e-4,1.8908600984558904e-5,2019W35,1.645071120649e-4,1.8908600984558908e-5
2019-09-01T00:00:00Z,2019,9,1,4.6803693357601855e-5,3.244403456797322e-5,2019W35,4.6803693357601855e-5,3.244403456797322e-5
2019-09-02T00:00:00Z,2019,9,2,7.491244269655176e-5,5.097036262403707e-5,2019W36,7.491244269655176e-5,5.097036262403706e-5
2019-09-03T00:00:00Z,2019,9,3,8.65413187553157e-5,1.5295006556485398e-5,2019W36,8.65413187553157e-5,1.5295006556485398e-5
2019-09-04T00:00:00Z,2019,9,4,1.208724368728e-4,2.4661265955776228e-5,2019W36,1.208724368728e-4,2.4661265955776228e-5
2019-09-05T00:00:00Z,2019,9,5,5.475685212657002e-5,5.0771004226514564e-5,2019W36,5.475685212657002e-5,5.0771004226514564e-5
2019-09-06T00:00:00Z,2019,9,6,NA,NA,2019W36,5.4863537169359476e-5,1.0165623222664616e-4
2019-09-07T00:00:00Z,2019,9,7,NA,NA,2019W36,1.0526205274264041e-4,1.5800556307546604e-4
2019-09-08T00:00:00Z,2019,9,8,1.154584838204e-4,1.872659519677e-4,2019W36,1.1545848382039998e-4,1.8726595196770003e-4
2019-09-09T00:00:00Z,2019,9,9,NA,NA,2019W37,2.9253378359655536e-5,1.6702875690898246e-4
2019-09-10T00:00:00Z,2019,9,10,NA,NA,2019W37,0,1.1546294714858252e-4
2019-09-11T00:00:00Z,2019,9,11,NA,NA,2019W37,0,6.0881894746677914e-5
2019-09-12T00:00:00Z,2019,9,12,1.391906935699e-4,3.159897176344653e-5,2019W37,1.391906935698999e-4,3.159897176344649e-5
2019-09-13T00:00:00Z,2019,9,13,4.04095468689e-4,3.993425504477351e-5,2019W37,4.04095468689e-4,3.993425504477351e-5
2019-09-14T00:00:00Z,2019,9,14,7.028406094606831e-5,3.7881374516494896e-5,2019W37,7.028406094606833e-5,3.7881374516494896e-5
2019-09-15T00:00:00Z,2019,9,15,1.324110398083e-4,2.190727475951604e-5,2019W37,1.324110398083e-4,2.190727475951604e-5
2019-09-16T00:00:00Z,2019,9,16,1.1981962170045e-4,7.130194481538244e-5,2019W38,1.1981962170045e-4,7.130194481538244e-5
2019-09-17T00:00:00Z,2019,9,17,8.294092695023277e-5,2.258757041630622e-5,2019W38,8.294092695023277e-5,2.258757041630622e-5
2019-09-18T00:00:00Z,2019,9,18,2.393885104759e-4,2.336117292475812e-5,2019W38,2.393885104759e-4,2.3361172924758123e-5
2019-09-19T00:00:00Z,2019,9,19,1.438116345672e-4,1.150531788735044e-5,2019W38,1.438116345672e-4,1.150531788735044e-5
2019-09-20T00:00:00Z,2019,9,20,8.453244194851485e-5,1.0301999732483625e-5,2019W38,8.453244194851482e-5,1.0301999732483625e-5
2019-09-21T00:00:00Z,2019,9,21,5.721937687969059e-5,6.337767262326387e-6,2019W38,5.721937687969059e-5,6.337767262326387e-6
2019-09-22T00:00:00Z,2019,9,22,4.529203246833468e-5,1.514380111126e-4,2019W38,4.529203246833468e-5,1.5143801111260004e-4
2019-09-23T00:00:00Z,2019,9,23,1.653707731747e-4,5.2700480193641374e-5,2019W39,1.653707731747e-4,5.2700480193641374e-5
2019-09-24T00:00:00Z,2019,9,24,3.635183333071e-4,6.771311561247616e-5,2019W39,3.635183333071e-4,6.771311561247617e-5
2019-09-25T00:00:00Z,2019,9,25,1.465548625151e-4,0,2019W39,1.465548625151e-4,0
2019-09-26T00:00:00Z,2019,9,26,1.382487886405e-4,3.522436131879271e-5,2019W39,1.382487886405e-4,3.522436131879271e-5
2019-09-27T00:00:00Z,2019,9,27,9.970338009417967e-5,1.6056655963929147e-5,2019W39,9.970338009417967e-5,1.6056655963929147e-5
2019-09-28T00:00:00Z,2019,9,28,5.376445728358016e-5,1.1307733694750678e-5,2019W39,5.376445728358015e-5,1.1307733694750674e-5
2019-09-29T00:00:00Z,2019,9,29,4.293575864260354e-5,2.7290272087953986e-5,2019W39,4.293575864260354e-5,2.7290272087953986e-5
2019-09-30T00:00:00Z,2019,9,30,7.05877555682502e-5,1.852992111294643e-5,2019W40,7.05877555682502e-5,1.8529921112946434e-5
2019-10-01T00:00:00Z,2019,10,1,NA,NA,2019W40,9.644744634802643e-5,6.320037378984252e-6
2019-10-02T00:00:00Z,2019,10,2,NA,NA,2019W40,1.0937515434513922e-4,0
2019-10-03T00:00:00Z,2019,10,3,NA,NA,2019W40,1.0911856778796853e-4,3.843772645456347e-7
2019-10-04T00:00:00Z,2019,10,4,NA,NA,2019W40,9.542537490489434e-5,8.783043569685488e-6
2019-10-05T00:00:00Z,2019,10,5,6.80432639242966e-5,2.617566924014233e-5,2019W40,6.804326392429661e-5,2.617566924014233e-5
2019-10-06T00:00:00Z,2019,10,6,5.512081301882124e-5,4.566092920263045e-5,2019W40,5.512081301882124e-5,4.566092920263045e-5
2019-10-07T00:00:00Z,2019,10,7,1.0840898777025e-4,4.0638923225509726e-5,2019W41,1.0840898777025e-4,4.0638923225509726e-5
2019-10-08T00:00:00Z,2019,10,8,8.354339672044485e-5,2.3559605693671938e-5,2019W41,8.354339672044485e-5,2.3559605693671938e-5
2019-10-09T00:00:00Z,2019,10,9,1.479428070979e-4,1.186231577515289e-5,2019W41,1.479428070979e-4,1.186231577515289e-5
2019-10-10T00:00:00Z,2019,10,10,NA,NA,2019W41,1.3010630081407152e-4,1.3862944688322184e-5
2019-10-11T00:00:00Z,2019,10,11,6.344203199527818e-5,1.877068217437895e-5,2019W41,6.34420319952782e-5,1.8770682174378944e-5
2019-10-12T00:00:00Z,2019,10,12,NA,NA,2019W41,3.9269483299082266e-5,1.633660232635164e-5
2019-10-13T00:00:00Z,2019,10,13,3.547494039761671e-5,1.6855956364712413e-5,2019W41,3.547494039761669e-5,1.6855956364712413e-5
2019-10-14T00:00:00Z,2019,10,14,NA,NA,2019W42,1.365126558219924e-5,3.141819339681677e-5
2019-10-15T00:00:00Z,2019,10,15,NA,NA,2019W42,0,5.37453769501099e-5
2019-10-16T00:00:00Z,2019,10,16,NA,NA,2019W42,0,7.32177241570594e-5
2019-10-17T00:00:00Z,2019,10,17,NA,NA,2019W42,0,7.921545215013287e-5
2019-10-18T00:00:00Z,2019,10,18,6.37613209061609e-5,6.111877806179787e-5,2019W42,6.37613209061609e-5,6.111877806179789e-5
2019-10-19T00:00:00Z,2019,10,19,1.871150803564e-4,2.3572870512199743e-5,2019W42,1.871150803564e-4,2.3572870512199743e-5
2019-10-20T00:00:00Z,2019,10,20,NA,NA,2019W42,2.4062132136156724e-4,1.3663007053692199e-5
2019-10-21T00:00:00Z,2019,10,21,1.845801105772e-4,1.92606286522978e-5,2019W43,1.8458011057719998e-4,1.926062865229779e-5
2019-10-22T00:00:00Z,2019,10,22,6.543667931825695e-5,2.0146406618342942e-5,2019W43,6.543667931825695e-5,2.0146406618342942e-5
2019-10-23T00:00:00Z,2019,10,23,6.380401148642641e-5,2.5290733802288847e-5,2019W43,6.380401148642641e-5,2.5290733802288847e-5
2019-10-24T00:00:00Z,2019,10,24,7.465196716348397e-5,1.714265845068128e-5,2019W43,7.465196716348397e-5,1.714265845068128e-5
2019-10-25T00:00:00Z,2019,10,25,8.650260841746873e-5,1.6450947188836198e-5,2019W43,8.650260841746873e-5,1.6450947188836198e-5
2019-10-26T00:00:00Z,2019,10,26,4.330122648443613e-5,2.533213085279974e-5,2019W43,4.330122648443613e-5,2.533213085279974e-5
2019-10-27T00:00:00Z,2019,10,27,NA,NA,2019W43,4.1337886200149675e-5,2.8444757607251694e-5
2019-10-28T00:00:00Z,2019,10,28,NA,NA,2019W44,6.589602962696585e-5,2.6119481376519265e-5
2019-10-29T00:00:00Z,2019,10,29,5.979893191214398e-5,2.353744897088093e-5,2019W44,5.979893191214394e-5,2.353744897088093e-5
2019-10-30T00:00:00Z,2019,10,30,1.8770897440845147e-5,2.057284220684612e-5,2019W44,1.8770897440845147e-5,2.057284220684612e-5
2019-10-31T00:00:00Z,2019,10,31,6.525082883134241e-5,1.6860863379033026e-5,2019W44,6.525082883134241e-5,1.6860863379033026e-5
2019-11-01T00:00:00Z,2019,11,1,NA,NA,2019W44,8.274140202823183e-5,5.8049854153520726e-5
2019-11-02T00:00:00Z,2019,11,2,6.073905010722417e-5,8.023536685953499e-5,2019W44,6.0739050107224186e-5,8.0235366859535e-5
2019-11-03T00:00:00Z,2019,11,3,5.658386918930283e-5,3.2402876895399425e-5,2019W44,5.658386918930283e-5,3.2402876895399425e-5
2019-11-04T00:00:00Z,2019,11,4,NA,NA,2019W45,1.4586975716672618e-4,1.1079739018260402e-5
2019-11-05T00:00:00Z,2019,11,5,1.753631577738e-4,2.0080717671445083e-5,2019W45,1.753631577738e-4,2.0080717671445083e-5
2019-11-06T00:00:00Z,2019,11,6,6.661194897051547e-5,2.6772762196095258e-5,2019W45,6.661194897051547e-5,2.6772762196095258e-5
2019-11-07T00:00:00Z,2019,11,7,9.679120810825813e-5,1.7174476839894984e-5,2019W45,9.679120810825813e-5,1.7174476839894984e-5
2019-11-08T00:00:00Z,2019,11,8,5.7201983963044856e-5,4.072205769708738e-5,2019W45,5.7201983963044856e-5,4.072205769708738e-5
2019-11-09T00:00:00Z,2019,11,9,4.8987031281627744e-5,3.977658579701953e-5,2019W45,4.8987031281627744e-5,3.977658579701953e-5
2019-11-10T00:00:00Z,2019,11,10,3.4074334159157145e-5,1.4703391426633364e-5,2019W45,3.4074334159157145e-5,1.4703391426633364e-5
2019-11-11T00:00:00Z,2019,11,11,NA,NA,2019W46,7.150175680113166e-5,0
2019-11-12T00:00:00Z,2019,11,12,1.226566998001e-4,1.5538319592253926e-5,2019W46,1.226566998001e-4,1.5538319592253926e-5
2019-11-13T00:00:00Z,2019,11,13,1.116126353835e-4,7.617910593412874e-5,2019W46,1.116126353835e-4,7.617910593412874e-5
2019-11-14T00:00:00Z,2019,11,14,5.275433053742797e-5,1.9483713782661818e-5,2019W46,5.275433053742797e-5,1.9483713782661838e-5
2019-11-15T00:00:00Z,2019,11,15,1.42353054494e-4,4.066963955357743e-5,2019W46,1.42353054494e-4,4.066963955357743e-5
2019-11-16T00:00:00Z,2019,11,16,NA,NA,2019W46,1.2047720435727721e-4,5.3339542134462416e-5
2019-11-17T00:00:00Z,2019,11,17,4.590590151209413e-5,5.068814543236354e-5,2019W46,4.590590151209412e-5,5.068814543236353e-5
2019-11-18T00:00:00Z,2019,11,18,5.545241688765893e-5,5.434172848413441e-5,2019W47,5.545241688765893e-5,5.434172848413441e-5
2019-11-19T00:00:00Z,2019,11,19,1.1170182489204773e-4,3.076870942113504e-5,2019W47,1.1170182489204773e-4,3.076870942113504e-5
2019-11-20T00:00:00Z,2019,11,20,1.387607385815e-4,1.656529725956793e-5,2019W47,1.387607385815e-4,1.656529725956793e-5
2019-11-21T00:00:00Z,2019,11,21,1.067168205514e-4,1.176058785689002e-5,2019W47,1.067168205514e-4,1.176058785689002e-5
2019-11-22T00:00:00Z,2019,11,22,4.105149407603526e-5,9.417750160275652e-6,2019W47,4.105149407603526e-5,9.417750160275652e-6
2019-11-23T00:00:00Z,2019,11,23,3.901303980324781e-5,2.505288034166062e-5,2019W47,3.901303980324781e-5,2.505288034166062e-5
2019-11-24T00:00:00Z,2019,11,24,2.9599155518216336e-5,3.687524807006743e-5,2019W47,2.9599155518216336e-5,3.687524807006743e-5
2019-11-25T00:00:00Z,2019,11,25,NA,NA,2019W48,2.6306001818297437e-5,3.30363407700323e-5
2019-11-26T00:00:00Z,2019,11,26,NA,NA,2019W48,3.834377895148565e-5,2.151769847172316e-5
2019-11-27T00:00:00Z,2019,11,27,6.416082313569477e-5,1.4079230744681148e-5,2019W48,6.416082313569477e-5,1.407923074468113e-5
2019-11-28T00:00:00Z,2019,11,28,9.421943189108888e-5,1.2959925964813014e-5,2019W48,9.421943189108888e-5,1.2959925964813014e-5
2019-11-29T00:00:00Z,2019,11,29,8.769705595831358e-5,1.1971592542055493e-5,2019W48,8.769705595831358e-5,1.1971592542055494e-5
2019-11-30T00:00:00Z,2019,11,30,3.262799147971786e-5,4.776318813718512e-5,2019W48,3.262799147971786e-5,4.776318813718512e-5
2019-12-01T00:00:00Z,2019,12,1,3.842096553855122e-5,1.7353707664154873e-5,2019W48,3.842096553855122e-5,1.7353707664154873e-5
2019-12-02T00:00:00Z,2019,12,2,1.268416065117e-4,4.5430510562242085e-5,2019W49,1.268416065117e-4,4.5430510562242085e-5
2019-12-03T00:00:00Z,2019,12,3,NA,NA,2019W49,1.3494018966364734e-4,4.197949721838252e-5
2019-12-04T00:00:00Z,2019,12,4,NA,NA,2019W49,8.661766326418716e-5,1.3114377895611603e-5
2019-12-05T00:00:00Z,2019,12,5,6.684234623970953e-5,1.128206460100018e-5,2019W49,6.684234623970949e-5,1.1282064601000145e-5
2019-12-06T00:00:00Z,2019,12,6,1.020576532419e-4,4.567484236264037e-5,2019W49,1.020576532419e-4,4.567484236264037e-5
2019-12-07T00:00:00Z,2019,12,7,6.213963206391782e-5,2.082889673882022e-5,2019W49,6.213963206391782e-5,2.0828896738820215e-5
2019-12-08T00:00:00Z,2019,12,8,5.420914158144256e-5,2.0392221295175568e-5,2019W49,5.420914158144256e-5,2.0392221295175568e-5
2019-12-09T00:00:00Z,2019,12,9,1.221933716466e-4,2.56909550574108e-5,2019W50,1.221933716466e-4,2.56909550574108e-5
2019-12-10T00:00:00Z,2019,12,10,8.874310956263692e-5,5.1831090213072403e-5,2019W50,8.874310956263692e-5,5.1831090213072403e-5
2019-12-11T00:00:00Z,2019,12,11,8.43043512487718e-5,3.7579822119166974e-5,2019W50,8.43043512487718e-5,3.7579822119166974e-5
2019-12-12T00:00:00Z,2019,12,12,4.766789064206804e-5,8.283309680710298e-5,2019W50,4.766789064206804e-5,8.283309680710298e-5
2019-12-13T00:00:00Z,2019,12,13,1.469944564409e-4,0,2019W50,1.469944564409e-4,0
2019-12-14T00:00:00Z,2019,12,14,6.951380149826799e-5,7.480975798302309e-5,2019W50,6.951380149826799e-5,7.480975798302309e-5
2019-12-15T00:00:00Z,2019,12,15,NA,NA,2019W50,3.691347858661175e-5,1.0809969671405817e-4
2019-12-16T00:00:00Z,2019,12,16,9.004890836e-5,6.321247152583647e-5,2019W51,9.004890835999999e-5,6.321247152583649e-5
2019-12-17T00:00:00Z,2019,12,17,1.350424612439e-4,3.547019965015833e-6,2019W51,1.350424612439e-4,3.547019965015833e-6
2019-12-18T00:00:00Z,2019,12,18,6.931619155140421e-5,1.162806690424389e-5,2019W51,6.931619155140423e-5,1.162806690424389e-5
2019-12-19T00:00:00Z,2019,12,19,1.337245455553e-4,6.16175036891418e-5,2019W51,1.337245455553e-4,6.16175036891418e-5
2019-12-20T00:00:00Z,2019,12,20,NA,NA,2019W51,1.063672088274442e-4,5.3892127783816926e-5
2019-12-21T00:00:00Z,2019,12,21,2.4400528336599222e-5,2.1793322459468672e-5,2019W51,2.44005283365992e-5,2.1793322459468672e-5
2019-12-22T00:00:00Z,2019,12,22,3.157159655052996e-5,1.6589933709988277e-5,2019W51,3.157159655052996e-5,1.6589933709988277e-5
2019-12-23T00:00:00Z,2019,12,23,1.377735571002e-4,1.8341499227303044e-5,2019W52,1.377735571002e-4,1.8341499227303044e-5
2019-12-24T00:00:00Z,2019,12,24,5.330898796131727e-5,3.3072870378839115e-5,2019W52,5.330898796131727e-5,3.3072870378839115e-5
2019-12-25T00:00:00Z,2019,12,25,NA,NA,2019W52,3.338585220701061e-5,6.212049435067463e-5
2019-12-26T00:00:00Z,2019,12,26,6.432952666834686e-5,6.424261450421285e-5,2019W52,6.432952666834683e-5,6.424261450421285e-5
2019-12-27T00:00:00Z,2019,12,27,6.376035255852816e-5,2.102915252431426e-5,2019W52,6.376035255852816e-5,2.102915252431426e-5
2019-12-28T00:00:00Z,2019,12,28,NA,NA,2019W52,1.0167855644710421e-4,1.4189196860858743e-5
2019-12-29T00:00:00Z,2019,12,29,1.444822693194e-4,2.9917817038624645e-5,2019W52,1.4448226931939998e-4,2.991781703862463e-5
2019-12-30T00:00:00Z,2019,12,30,NA,NA,2020W01,1.3809840121256403e-4,3.1647580115368656e-5
2019-12-31T00:00:00Z,2019,12,31,NA,NA,2020W01,9.771251642257114e-5,2.0341107938207814e-5
2020-01-01T00:00:00Z,2020,1,1,NA,NA,2020W01,5.5824842810102835e-5,6.343536051599224e-6
2020-01-02T00:00:00Z,2020,1,2,4.4935608235840514e-5,0,2020W01,4.4935608235840535e-5,3.3881317890172014e-21
2020-01-03T00:00:00Z,2020,1,3,7.039428232971884e-5,7.659244182231844e-6,2020W01,7.039428232971884e-5,7.659244182231844e-6
2020-01-04T00:00:00Z,2020,1,4,5.926337090741396e-5,1.7439089804670333e-5,2020W01,5.926337090741395e-5,1.7439089804670333e-5
2020-01-05T00:00:00Z,2020,1,5,3.414791353861801e-5,2.925538745315687e-5,2020W01,3.414791353861801e-5,2.925538745315687e-5
2020-01-06T00:00:00Z,2020,1,6,4.1167612352691775e-5,6.112705320734344e-5,2020W02,4.116761235269178e-5,6.112705320734344e-5
2020-01-07T00:00:00Z,2020,1,7,5.9333866647545485e-5,5.625257848785528e-7,2020W02,5.9333866647545485e-5,5.625257848785528e-7
2020-01-08T00:00:00Z,2020,1,8,5.7287420296622655e-5,8.304345907608682e-5,2020W02,5.728742029662266e-5,8.304345907608682e-5
2020-01-09T00:00:00Z,2020,1,9,1.335921098051e-4,3.1109961447093946e-5,2020W02,1.335921098051e-4,3.1109961447093946e-5
2020-01-10T00:00:00Z,2020,1,10,6.190732090348114e-5,0,2020W02,6.190732090348114e-5,0
2020-01-11T00:00:00Z,2020,1,11,1.1751528055000608e-4,3.386812066397208e-5,2020W02,1.1751528055000608e-4,3.386812066397208e-5
2020-01-12T00:00:00Z,2020,1,12,6.098619113597386e-5,1.13402462160665e-5,2020W02,6.098619113597383e-5,1.1340246216066493e-5
2020-01-13T00:00:00Z,2020,1,13,5.480672489411058e-5,3.651255601113054e-5,2020W03,5.480672489411058e-5,3.651255601113054e-5
2020-01-14T00:00:00Z,2020,1,14,6.963287930967229e-5,3.608315388276896e-5,2020W03,6.963287930967229e-5,3.6083153882768954e-5
2020-01-15T00:00:00Z,2020,1,15,8.703503207467619e-5,2.724632725530404e-5,2020W03,8.703503207467619e-5,2.724632725530404e-5
2020-01-16T00:00:00Z,2020,1,16,1.206247647192e-4,2.006600193528218e-5,2020W03,1.206247647192e-4,2.006600193528218e-5
2020-01-17T00:00:00Z,2020,1,17,6.6858096013269007e-005,2.9876305037653983e-5,2020W03,6.6858096013269007e-005,2.9876305037653983e-5
2020-01-18T00:00:00Z,2020,1,18,5.445877596535564e-5,1.5217912498801094e-5,2020W03,5.445877596535564e-5,1.5217912498801094e-5
2020-01-19T00:00:00Z,2020,1,19,4.543626785684786e-5,1.9251245179932613e-5,2020W03,4.543626785684786e-5,1.9251245179932613e-5
2020-01-20T00:00:00Z,2020,1,20,7.512447817756633e-5,2.5307829895396422e-5,2020W04,7.512447817756633e-5,2.5307829895396422e-5
2020-01-21T00:00:00Z,2020,1,21,NA,NA,2020W04,7.418256549186242e-5,3.0492790210603358e-5
2020-01-22T00:00:00Z,2020,1,22,5.436319053661158e-5,2.8739618198037707e-5,2020W04,5.436319053661158e-5,2.8739618198037707e-5
2020-01-23T00:00:00Z,2020,1,23,5.513084313371105e-5,1.9663532033468965e-5,2020W04,5.513084313371105e-5,1.9663532033468965e-5
2020-01-24T00:00:00Z,2020,1,24,7.918046691264025e-5,2.642817172317694e-5,2020W04,7.918046691264025e-5,2.642817172317694e-5
2020-01-25T00:00:00Z,2020,1,25,7.326968641210736e-5,3.1102790805298816e-5,2020W04,7.326968641210736e-5,3.1102790805298816e-5
2020-01-26T00:00:00Z,2020,1,26,6.77328946148025e-5,2.0366094294282294e-5,2020W04,6.77328946148025e-5,2.0366094294282294e-5
2020-01-27T00:00:00Z,2020,1,27,6.915537637154935e-5,2.468109620337223e-5,2020W05,6.915537637154935e-5,2.468109620337223e-5
2020-01-28T00:00:00Z,2020,1,28,4.804504790554272e-5,7.530370321375465e-5,2020W05,4.804504790554272e-5,7.530370321375465e-5
2020-01-29T00:00:00Z,2020,1,29,NA,NA,2020W05,2.1597925404737893e-5,5.715696865431531e-5
2020-01-30T00:00:00Z,2020,1,30,7.238328424506454e-5,1.4924321422954695e-5,2020W05,7.238328424506453e-5,1.4924321422954721e-5
2020-01-31T00:00:00Z,2020,1,31,1.777822998387e-4,1.822032349566317e-5,2020W05,1.777822998387e-4,1.822032349566317e-5
2020-02-01T00:00:00Z,2020,2,1,6.159214510973902e-5,2.880883938924537e-5,2020W05,6.159214510973902e-5,2.8808839389245366e-5
2020-02-02T00:00:00Z,2020,2,2,4.7890729626405806e-5,1.8151995594318443e-5,2020W05,4.7890729626405806e-5,1.8151995594318443e-5
2020-02-03T00:00:00Z,2020,2,3,6.213932543683916e-5,1.68657767880862e-5,2020W06,6.213932543683916e-5,1.68657767880862e-5
2020-02-04T00:00:00Z,2020,2,4,6.911440450407374e-5,1.6526083483483182e-5,2020W06,6.911440450407374e-5,1.6526083483483182e-5
2020-02-05T00:00:00Z,2020,2,5,NA,NA,2020W06,4.861940868905726e-5,4.005775020543101e-5
2020-02-06T00:00:00Z,2020,2,6,3.197971911172581e-5,6.201123497439606e-5,2020W06,3.197971911172581e-5,6.201123497439606e-5
2020-02-07T00:00:00Z,2020,2,7,NA,NA,2020W06,4.8806087500602555e-5,5.2714852210092585e-5
2020-02-08T00:00:00Z,2020,2,8,5.605606080392892e-5,3.0480687820842813e-5,2020W06,5.605606080392893e-5,3.0480687820842816e-5
2020-02-09T00:00:00Z,2020,2,9,4.241801561156904e-5,1.9066725335160817e-5,2020W06,4.241801561156904e-5,1.9066725335160817e-5
2020-02-10T00:00:00Z,2020,2,10,9.738902398494496e-5,1.7006580984691918e-5,2020W07,9.738902398494494e-5,1.7006580984691918e-5
2020-02-11T00:00:00Z,2020,2,11,6.606819777249402e-5,2.1428325886703737e-5,2020W07,6.606819777249402e-5,2.1428325886703737e-5
2020-02-12T00:00:00Z,2020,2,12,4.6978964283354524e-5,2.9821456302150583e-5,2020W07,4.6978964283354524e-5,2.9821456302150583e-5
2020-02-13T00:00:00Z,2020,2,13,5.7383700837855614e-5,2.4557787067908927e-5,2020W07,5.7383700837855614e-5,2.4557787067908927e-5
2020-02-14T00:00:00Z,2020,2,14,9.919884217358342e-5,1.0848433718521588e-5,2020W07,9.919884217358342e-5,1.084843371852159e-5
2020-02-15T00:00:00Z,2020,2,15,7.808510876043881e-5,1.2521397494044964e-5,2020W07,7.808510876043881e-5,1.2521397494044964e-5
2020-02-16T00:00:00Z,2020,2,16,1.0493779816e-4,2.542461543257988e-5,2020W07,1.0493779816000001e-4,2.5424615432579877e-5
2020-02-17T00:00:00Z,2020,2,17,NA,NA,2020W08,8.013705184214289e-5,1.7633473017747806e-5
2020-02-18T00:00:00Z,2020,2,18,5.096847084358083e-5,1.654834553599156e-5,2020W08,5.0968470843580844e-5,1.654834553599156e-5
2020-02-19T00:00:00Z,2020,2,19,7.412884867225574e-5,3.569177598757839e-5,2020W08,7.412884867225574e-5,3.569177598757839e-5
2020-02-20T00:00:00Z,2020,2,20,5.205062416761873e-5,1.1513776109477552e-5,2020W08,5.205062416761873e-5,1.1513776109477547e-5
2020-02-21T00:00:00Z,2020,2,21,4.061019056058025e-5,6.157131479959807e-6,2020W08,4.061019056058025e-5,6.157131479959807e-6
2020-02-22T00:00:00Z,2020,2,22,1.155756803736e-4,1.479372030139717e-5,2020W08,1.1557568037360002e-4,1.4793720301397172e-5
2020-02-23T00:00:00Z,2020,2,23,3.502786668978568e-5,5.908750397091326e-5,2020W08,3.502786668978568e-5,5.908750397091326e-5
2020-02-24T00:00:00Z,2020,2,24,3.66604706395667e-5,1.042760228886e-4,2020W09,3.66604706395667e-5,1.042760228886e-4
2020-02-25T00:00:00Z,2020,2,25,7.162637112161896e-5,1.075013210533e-4,2020W09,7.162637112161896e-5,1.075013210533e-4
2020-02-26T00:00:00Z,2020,2,26,1.452145195759e-4,7.623633193796632e-5,2020W09,1.452145195759e-4,7.623633193796632e-5
2020-02-27T00:00:00Z,2020,2,27,1.550478656973e-4,3.5439106096118725e-5,2020W09,1.550478656973e-4,3.5439106096118725e-5
2020-02-28T00:00:00Z,2020,2,28,2.3453840203e-4,4.2127950781309815e-5,2020W09,2.3453840203e-4,4.2127950781309815e-5
2020-02-29T00:00:00Z,2020,2,29,9.128020809430379e-5,6.480912722750008e-5,2020W09,9.128020809430379e-5,6.480912722750008e-5
2020-03-01T00:00:00Z,2020,3,1,8.534703911457818e-5,1.577089211697e-4,2020W09,8.534703911457818e-5,1.577089211697e-4
2020-03-02T00:00:00Z,2020,3,2,1.257406014593e-4,4.090022871274111e-5,2020W10,1.257406014593e-4,4.090022871274111e-5
2020-03-03T00:00:00Z,2020,3,3,1.140425798647e-4,2.973704286494215e-5,2020W10,1.140425798647e-4,2.9737042864942156e-5
2020-03-04T00:00:00Z,2020,3,4,1.703948653719e-4,2.813241857999604e-5,2020W10,1.703948653719e-4,2.813241857999604e-5
2020-03-05T00:00:00Z,2020,3,5,7.273589912617755e-5,2.0317130843366126e-5,2020W10,7.273589912617755e-5,2.0317130843366126e-5
2020-03-06T00:00:00Z,2020,3,6,8.96369813819458e-5,1.4520249542720848e-5,2020W10,8.96369813819458e-5,1.4520249542720848e-5
2020-03-07T00:00:00Z,2020,3,7,5.592228004201302e-5,1.7469901291427994e-5,2020W10,5.5922280042013014e-5,1.7469901291427994e-5
2020-03-08T00:00:00Z,2020,3,8,NA,NA,2020W10,6.389726670112328e-5,6.94421569695243e-5
2020-03-09T00:00:00Z,2020,3,9,6.456873168223167e-5,9.116574366663432e-5,2020W11,6.456873168223167e-5,9.116574366663433e-5
2020-03-10T00:00:00Z,2020,3,10,5.302225998339958e-5,2.494292093656927e-5,2020W11,5.302225998339958e-5,2.494292093656927e-5
2020-03-11T00:00:00Z,2020,3,11,NA,NA,2020W11,2.8582178075558937e-4,0
2020-03-12T00:00:00Z,2020,3,12,3.879021215692e-4,1.0223424591248818e-5,2020W11,3.8790212156919994e-4,1.0223424591248814e-5
2020-03-13T00:00:00Z,2020,3,13,7.96813134516167e-5,3.574062513164884e-5,2020W11,7.96813134516167e-5,3.574062513164884e-5
2020-03-14T00:00:00Z,2020,3,14,NA,NA,2020W11,0,2.8683173320786735e-5
2020-03-15T00:00:00Z,2020,3,15,2.9672177233834206e-5,1.2618766746406064e-5,2020W11,2.9672177233834146e-5,1.2618766746406059e-5
2020-03-16T00:00:00Z,2020,3,16,4.961355946123437e-5,1.6000435258401193e-5,2020W12,4.961355946123437e-5,1.6000435258401193e-5
2020-03-17T00:00:00Z,2020,3,17,NA,NA,2020W12,8.920580374277182e-5,2.1052989234616295e-5
2020-03-18T00:00:00Z,2020,3,18,9.749094160473792e-5,2.004435997825433e-5,2020W12,9.749094160473794e-5,2.004435997825433e-5
2020-03-19T00:00:00Z,2020,3,19,4.261119459857279e-5,1.7987110576610076e-5,2020W12,4.261119459857279e-5,1.7987110576610076e-5
2020-03-20T00:00:00Z,2020,3,20,5.623138162042979e-5,2.8729411524762376e-5,2020W12,5.6231381620429794e-5,2.8729411524762376e-5
2020-03-21T00:00:00Z,2020,3,21,3.389468218849897e-5,1.763716110147267e-5,2020W12,3.389468218849897e-5,1.763716110147267e-5
2020-03-22T00:00:00Z,2020,3,22,3.554002703591222e-5,8.824135219011617e-6,2020W12,3.554002703591222e-5,8.824135219011615e-6
2020-03-23T00:00:00Z,2020,3,23,2.7714175186368653e-5,1.6767701758193884e-5,2020W13,2.7714175186368653e-5,1.6767701758193884e-5
2020-03-24T00:00:00Z,2020,3,24,3.816121734394688e-5,2.5550355077338345e-5,2020W13,3.816121734394688e-5,2.5550355077338345e-5
2020-03-25T00:00:00Z,2020,3,25,NA,NA,2020W13,4.016534225356174e-5,2.6251982177994348e-5
2020-03-26T00:00:00Z,2020,3,26,3.981010949898867e-5,1.9824792777145684e-5,2020W13,3.9810109498988666e-5,1.9824792777145684e-5
2020-03-27T00:00:00Z,2020,3,27,6.044981609342939e-5,1.2758679344156887e-5,2020W13,6.044981609342939e-5,1.2758679344156887e-5
2020-03-28T00:00:00Z,2020,3,28,1.00436415466e-4,1.3857053011661058e-5,2020W13,1.00436415466e-4,1.3857053011661058e-5
2020-03-29T00:00:00Z,2020,3,29,7.07336770861843e-5,9.614783516361798e-6,2020W13,7.07336770861843e-5,9.614783516361798e-6
2020-03-30T00:00:00Z,2020,3,30,4.055913277319368e-5,3.7614601459682646e-5,2020W14,4.055913277319368e-5,3.7614601459682646e-5
2020-03-31T00:00:00Z,2020,3,31,NA,NA,2020W14,5.6755329900234505e-5,3.3516222652819395e-5
2020-04-01T00:00:00Z,2020,4,1,5.047988993724142e-5,1.3623620194611707e-5,2020W14,5.047988993724142e-5,1.362362019461172e-5
2020-04-02T00:00:00Z,2020,4,2,1.6621937212282644e-5,1.0610467943925343e-5,2020W14,1.6621937212282644e-5,1.0610467943925343e-5
2020-04-03T00:00:00Z,2020,4,3,1.1875936698e-4,9.471044139477958e-6,2020W14,1.1875936697999998e-4,9.471044139477958e-6
2020-04-04T00:00:00Z,2020,4,4,4.982933352184162e-5,1.022731289627962e-5,2020W14,4.982933352184162e-5,1.022731289627962e-5
2020-04-05T00:00:00Z,2020,4,5,NA,NA,2020W14,1.3476100390863345e-5,1.8657964711197192e-5
2020-04-06T00:00:00Z,2020,4,6,2.2727155468828987e-5,2.225338299926695e-5,2020W15,2.272715546882898e-5,2.225338299926695e-5
2020-04-07T00:00:00Z,2020,4,7,3.235937471243667e-5,1.3386399084869496e-5,2020W15,3.235937471243667e-5,1.3386399084869496e-5
2020-04-08T00:00:00Z,2020,4,8,8.227198936806359e-5,1.0426662778745728e-5,2020W15,8.227198936806359e-5,1.042666277874573e-5
2020-04-09T00:00:00Z,2020,4,9,5.013775714624496e-5,5.895477854211636e-6,2020W15,5.013775714624496e-5,5.895477854211636e-6
2020-04-10T00:00:00Z,2020,4,10,3.5851877700225704e-5,1.7382792978143128e-5,2020W15,3.58518777002257e-5,1.7382792978143128e-5
2020-04-11T00:00:00Z,2020,4,11,2.8610152342238026e-5,1.634423551245305e-5,2020W15,2.8610152342238026e-5,1.634423551245305e-5
2020-04-12T00:00:00Z,2020,4,12,1.916117946158478e-5,5.177127653009028e-5,2020W15,1.916117946158478e-5,5.177127653009028e-5
2020-04-13T00:00:00Z,2020,4,13,NA,NA,2020W16,2.245180574011597e-5,8.567484700730131e-5
2020-04-14T00:00:00Z,2020,4,14,2.331558584417285e-5,7.222187123051288e-5,2020W16,2.3315585844172852e-5,7.222187123051288e-5
2020-04-15T00:00:00Z,2020,4,15,5.3538557308025386e-5,1.3723256343152172e-5,2020W16,5.3538557308025386e-5,1.3723256343152172e-5
2020-04-16T00:00:00Z,2020,4,16,1.8008543902805e-4,2.042914910546298e-5,2020W16,1.8008543902805e-4,2.0429149105462986e-5
2020-04-17T00:00:00Z,2020,4,17,5.3886228753712186e-5,2.754393210711723e-5,2020W16,5.3886228753712186e-5,2.754393210711723e-5
2020-04-18T00:00:00Z,2020,4,18,4.020716675266153e-5,1.7395876414035e-5,2020W16,4.0207166752661514e-5,1.7395876414035e-5
2020-04-19T00:00:00Z,2020,4,19,3.45545462569249e-5,5.526567831494149e-6,2020W16,3.45545462569249e-5,5.526567831494149e-6
2020-04-20T00:00:00Z,2020,4,20,8.963960315118903e-5,1.0504845370610163e-5,2020W17,8.963960315118904e-5,1.0504845370610163e-5
2020-04-21T00:00:00Z,2020,4,21,4.82800083703906e-5,3.2120618010839726e-5,2020W17,4.82800083703906e-5,3.2120618010839726e-5
2020-04-22T00:00:00Z,2020,4,22,3.6354236644923287e-5,1.2269229452758542e-5,2020W17,3.6354236644923287e-5,1.2269229452758542e-5
2020-04-23T00:00:00Z,2020,4,23,9.371876050929166e-5,5.413332332395264e-5,2020W17,9.371876050929166e-5,5.413332332395264e-5
2020-04-24T00:00:00Z,2020,4,24,NA,NA,2020W17,1.0982526356019732e-4,6.814460275128488e-5
2020-04-25T00:00:00Z,2020,4,25,NA,NA,2020W17,7.891593353542285e-5,4.61453155523368e-5
2020-04-26T00:00:00Z,2020,4,26,3.057941424821029e-5,1.9005307115541398e-5,2020W17,3.0579414248210244e-5,1.9005307115541418e-5
2020-04-27T00:00:00Z,2020,4,27,NA,NA,2020W18,0,1.0263339825119274e-5
2020-04-28T00:00:00Z,2020,4,28,NA,NA,2020W18,0,1.413384404844129e-5
2020-04-29T00:00:00Z,2020,4,29,4.6627178880036095e-5,1.7500167148665882e-5,2020W18,4.66271788800361e-5,1.7500167148665868e-5
2020-04-30T00:00:00Z,2020,4,30,1.16882789597e-4,1.2834204409172608e-5,2020W18,1.16882789597e-4,1.2834204409172608e-5
2020-05-01T00:00:00Z,2020,5,1,4.117934364837766e-5,1.1921944969069264e-5,2020W18,4.1179343648377665e-5,1.1921944969069264e-5
2020-05-02T00:00:00Z,2020,5,2,4.574899674502851e-5,1.9119835917786407e-5,2020W18,4.574899674502851e-5,1.9119835917786407e-5
2020-05-03T00:00:00Z,2020,5,3,2.672905515257699e-5,2.9786030465097e-5,2020W18,2.6729055152576988e-5,2.9786030465097e-5
2020-05-04T00:00:00Z,2020,5,4,NA,NA,2020W19,0,3.227455207930207e-5
2020-05-05T00:00:00Z,2020,5,5,NA,NA,2020W19,0,2.826472060106883e-5
2020-05-06T00:00:00Z,2020,5,6,2.7085427808020128e-5,2.339903030850874e-5,2020W19,2.7085427808020145e-5,2.339903030850875e-5
2020-05-07T00:00:00Z,2020,5,7,9.583671770592844e-5,1.981041599215657e-5,2020W19,9.583671770592844e-5,1.981041599215657e-5
2020-05-08T00:00:00Z,2020,5,8,5.3234856336335405e-5,2.476916063524601e-5,2020W19,5.323485633633541e-5,2.476916063524601e-5
2020-05-09T00:00:00Z,2020,5,9,5.390046537798551e-5,6.345095770468263e-5,2020W19,5.390046537798551e-5,6.345095770468263e-5
2020-05-10T00:00:00Z,2020,5,10,5.323834362301095e-5,2.985592401077446e-5,2020W19,5.323834362301095e-5,2.985592401077446e-5
2020-05-11T00:00:00Z,2020,5,11,1.129012632355e-4,3.017802097482872e-5,2020W20,1.129012632355e-4,3.017802097482872e-5
2020-05-12T00:00:00Z,2020,5,12,1.134670898496e-4,9.030639747611512e-5,2020W20,1.134670898496e-4,9.03063974761151e-5
2020-05-13T00:00:00Z,2020,5,13,9.067534335870577e-5,1.922684811582686e-5,2020W20,9.067534335870577e-5,1.922684811582686e-5
2020-05-14T00:00:00Z,2020,5,14,3.160339992292e-4,2.1505069554983133e-5,2020W20,3.160339992292e-4,2.1505069554983133e-5
2020-05-15T00:00:00Z,2020,5,15,6.622210559772766e-5,1.9023636056800725e-5,2020W20,6.622210559772766e-5,1.9023636056800725e-5
2020-05-16T00:00:00Z,2020,5,16,5.973996364027062e-5,1.9579219307745253e-5,2020W20,5.973996364027065e-5,1.9579219307745253e-5
2020-05-17T00:00:00Z,2020,5,17,9.885869265153812e-5,9.86973985315869e-6,2020W20,9.885869265153812e-5,9.86973985315869e-6
2020-05-18T00:00:00Z,2020,5,18,4.628968070870719e-5,3.176590014673712e-5,2020W21,4.628968070870719e-5,3.176590014673712e-5
2020-05-19T00:00:00Z,2020,5,19,7.046099795070603e-5,1.5773554719055866e-5,2020W21,7.046099795070603e-5,1.5773554719055866e-5
2020-05-20T00:00:00Z,2020,5,20,NA,NA,2020W21,9.100912299209902e-5,0
2020-05-21T00:00:00Z,2020,5,21,NA,NA,2020W21,8.776550880760495e-5,0
2020-05-22T00:00:00Z,2020,5,22,NA,NA,2020W21,7.822052196054189e-5,0
2020-05-23T00:00:00Z,2020,5,23,7.986452901422796e-5,3.898709580420422e-6,2020W21,7.986452901422794e-5,3.898709580420425e-6
2020-05-24T00:00:00Z,2020,5,24,7.086349686341818e-5,5.368185689596753e-5,2020W21,7.086349686341818e-5,5.368185689596753e-5
2020-05-25T00:00:00Z,2020,5,25,2.1867760190636425e-5,6.445921331498475e-5,2020W22,2.1867760190636418e-5,6.445921331498475e-5
2020-05-26T00:00:00Z,2020,5,26,1.717197717034e-4,6.530051065310493e-5,2020W22,1.717197717034e-4,6.530051065310493e-5
2020-05-27T00:00:00Z,2020,5,27,9.531678089218142e-5,6.717063532742e-13,2020W22,9.531678089218141e-5,6.717063564436535e-13
2020-05-28T00:00:00Z,2020,5,28,1.66411541551e-4,1.0352336685130706e-5,2020W22,1.66411541551e-4,1.0352336685130706e-5
2020-05-29T00:00:00Z,2020,5,29,6.215859405111057e-5,5.5508446280803915e-5,2020W22,6.215859405111057e-5,5.5508446280803915e-5
2020-05-30T00:00:00Z,2020,5,30,NA,NA,2020W22,0,7.641598960912126e-5
2020-05-31T00:00:00Z,2020,5,31,2.57543347710264e-5,4.858522331716038e-5,2020W22,2.5754334771026355e-5,4.858522331716038e-5
2020-06-01T00:00:00Z,2020,6,1,1.187892617384e-4,6.398149561142543e-6,2020W23,1.187892617384e-4,6.398149561142543e-6
2020-06-02T00:00:00Z,2020,6,2,1.497321806811e-4,8.042118800500289e-5,2020W23,1.497321806811e-4,8.042118800500288e-5
2020-06-03T00:00:00Z,2020,6,3,4.617821171617e-4,8.44009399896137e-5,2020W23,4.617821171617e-4,8.44009399896137e-5
2020-06-04T00:00:00Z,2020,6,4,1.0510208635329847e-4,6.48920791117586e-5,2020W23,1.0510208635329841e-4,6.48920791117586e-5
2020-06-05T00:00:00Z,2020,6,5,NA,NA,2020W23,0,5.884150730613961e-5
2020-06-06T00:00:00Z,2020,6,6,NA,NA,2020W23,0,6.183734598095295e-5
2020-06-07T00:00:00Z,2020,6,7,NA,NA,2020W23,8.557757489051126e-5,6.530058174654287e-5
2020-06-08T00:00:00Z,2020,6,8,NA,NA,2020W24,2.771398432615601e-4,6.065220121325362e-5
2020-06-09T00:00:00Z,2020,6,9,3.347642682508e-4,3.9313190991429474e-5,2020W24,3.3476426825080046e-4,3.931319099142948e-5
2020-06-10T00:00:00Z,2020,6,10,1.847687709194e-4,1.381744351138762e-5,2020W24,1.847687709194e-4,1.381744351138762e-5
2020-06-11T00:00:00Z,2020,6,11,7.486294561117206e-5,3.224726617729115e-5,2020W24,7.486294561117205e-5,3.224726617729115e-5
2020-06-12T00:00:00Z,2020,6,12,0.00022307859373659999,1.8695937292529157e-5,2020W24,0.00022307859373659999,1.8695937292529157e-5
2020-06-13T00:00:00Z,2020,6,13,4.795281544911752e-5,2.179604991063767e-5,2020W24,4.7952815449117496e-5,2.1796049910637675e-5
2020-06-14T00:00:00Z,2020,6,14,6.178203608177944e-5,2.6060882883512255e-5,2020W24,6.178203608177944e-5,2.6060882883512255e-5
2020-06-15T00:00:00Z,2020,6,15,5.5872235998501526e-5,1.1170704704660731e-5,2020W25,5.587223599850151e-5,1.1170704704660735e-5
2020-06-16T00:00:00Z,2020,6,16,9.3539297526652e-5,1.892217410384808e-5,2020W25,9.3539297526652e-5,1.892217410384808e-5
2020-06-17T00:00:00Z,2020,6,17,3.893490525098769e-5,1.3982398977162292e-5,2020W25,3.8934905250987686e-5,1.398239897716229e-5
2020-06-18T00:00:00Z,2020,6,18,7.170516242078794e-5,4.708519351407066e-5,2020W25,7.170516242078794e-5,4.708519351407066e-5
2020-06-19T00:00:00Z,2020,6,19,NA,NA,2020W25,7.328802698615369e-5,4.1950786314121606e-5
2020-06-20T00:00:00Z,2020,6,20,4.968147399442004e-5,1.8438394241893853e-5,2020W25,4.968147399442006e-5,1.843839424189384e-5
2020-06-21T00:00:00Z,2020,6,21,5.290887752851047e-5,1.8293243929891784e-5,2020W25,5.290887752851047e-5,1.8293243929891784e-5
2020-06-22T00:00:00Z,2020,6,22,6.35509263526079e-5,3.394613065450324e-5,2020W26,6.35509263526079e-5,3.394613065450324e-5
2020-06-23T00:00:00Z,2020,6,23,NA,NA,2020W26,4.4468088478848876e-5,7.453416978053708e-5
2020-06-24T00:00:00Z,2020,6,24,NA,NA,2020W26,2.8095979751046638e-5,1.0880207466014079e-4
2020-06-25T00:00:00Z,2020,6,25,6.549638414095361e-5,9.260124182582392e-5,2020W26,6.549638414095361e-5,9.260124182582392e-5
2020-06-26T00:00:00Z,2020,6,26,1.308675196368e-4,1.824196120878299e-5,2020W26,1.308675196368e-4,1.824196120878299e-5
2020-06-27T00:00:00Z,2020,6,27,1.18799682734e-4,8.034951029901754e-13,2020W26,1.1879968273399999e-4,8.034950946234597e-13
2020-06-28T00:00:00Z,2020,6,28,3.206926058691e-4,4.8996529175973545e-5,2020W26,3.206926058691e-4,4.8996529175973545e-5
2020-06-29T00:00:00Z,2020,6,29,4.029561251795399e-5,3.947514413890395e-5,2020W27,4.0295612517953926e-5,3.947514413890395e-5
2020-06-30T00:00:00Z,2020,6,30,NA,NA,2020W27,0,2.8230004499072473e-5
2020-07-01T00:00:00Z,2020,7,1,6.349483784065617e-5,2.591544209571477e-5,2020W27,6.349483784065612e-5,2.591544209571477e-5
2020-07-02T00:00:00Z,2020,7,2,NA,NA,2020W27,6.413202278066054e-5,2.123812775740196e-5
2020-07-03T00:00:00Z,2020,7,3,9.265452764241088e-5,2.4778882820869856e-5,2020W27,9.265452764241091e-5,2.477888282086986e-5
2020-07-04T00:00:00Z,2020,7,4,1.955223295174e-4,5.276812363370559e-5,2020W27,1.955223295174e-4,5.276812363370559e-5
2020-07-05T00:00:00Z,2020,7,5,7.350688044400278e-5,8.04212243739679e-5,2020W27,7.350688044400276e-5,8.04212243739679e-5
2020-07-06T00:00:00Z,2020,7,6,1.7116201049e-4,3.269299122847898e-5,2020W28,1.7116201049e-4,3.269299122847898e-5
2020-07-07T00:00:00Z,2020,7,7,5.848379413253357e-5,8.625008575367103e-5,2020W28,5.848379413253359e-5,8.625008575367102e-5
2020-07-08T00:00:00Z,2020,7,8,4.208491732171e-4,1.7924646317007427e-5,2020W28,4.208491732171e-4,1.7924646317007427e-5
2020-07-09T00:00:00Z,2020,7,9,8.256713963094668e-5,1.6838400169196554e-5,2020W28,8.256713963094659e-5,1.683840016919655e-5
2020-07-10T00:00:00Z,2020,7,10,NA,NA,2020W28,6.0621955277283113e-5,3.381459678111027e-5
2020-07-11T00:00:00Z,2020,7,11,1.885331545967e-4,4.217981047074106e-5,2020W28,1.8853315459670003e-4,4.217981047074106e-5
2020-07-12T00:00:00Z,2020,7,12,4.523559470525554e-5,5.376306219678388e-5,2020W28,4.523559470525554e-5,5.376306219678388e-5
2020-07-13T00:00:00Z,2020,7,13,5.917032906222925e-5,7.461388425969906e-5,2020W29,5.917032906222928e-5,7.461388425969906e-5
2020-07-14T00:00:00Z,2020,7,14,1.281412157984e-4,5.056808828084874e-5,2020W29,1.281412157984e-4,5.056808828084874e-5
2020-07-15T00:00:00Z,2020,7,15,1.084224592357e-4,2.6404693810067724e-5,2020W29,1.084224592357e-4,2.640469381006772e-5
2020-07-16T00:00:00Z,2020,7,16,1.36457773103e-4,2.9998906930214984e-6,2020W29,1.36457773103e-4,2.9998906930214984e-6
2020-07-17T00:00:00Z,2020,7,17,8.200358273271772e-5,2.5477506705962667e-5,2020W29,8.200358273271772e-5,2.5477506705962667e-5
2020-07-18T00:00:00Z,2020,7,18,NA,NA,2020W29,5.339393504251905e-5,3.381765243625352e-5
2020-07-19T00:00:00Z,2020,7,19,8.1535238071247e-5,1.9038005528325325e-5,2020W29,8.1535238071247e-5,1.903800552832533e-5
2020-07-20T00:00:00Z,2020,7,20,1.382326992956e-4,0,2020W30,1.382326992956e-4,0
2020-07-21T00:00:00Z,2020,7,21,NA,NA,2020W30,1.5647181370983816e-4,6.20581466004818e-6
2020-07-22T00:00:00Z,2020,7,22,NA,NA,2020W30,1.3696412650264205e-4,2.8967790158489666e-5
2020-07-23T00:00:00Z,2020,7,23,NA,NA,2020W30,1.0106944374670029e-4,4.870492731694747e-5
2020-07-24T00:00:00Z,2020,7,24,7.014757151470151e-5,4.5836226957044575e-5,2020W30,7.014757151470151e-5,4.5836226957044575e-5
2020-07-25T00:00:00Z,2020,7,25,5.8264509205770455e-5,3.4517476867939235e-5,2020W30,5.8264509205770455e-5,3.4517476867939235e-5
2020-07-26T00:00:00Z,2020,7,26,8.522350265076776e-5,8.040154571966065e-5,2020W30,8.522350265076776e-5,8.040154571966067e-5
2020-07-27T00:00:00Z,2020,7,27,1.601730382686e-4,3.699510522598032e-5,2020W31,1.601730382686e-4,3.699510522598032e-5
2020-07-28T00:00:00Z,2020,7,28,8.43131898553319e-5,4.200776087161108e-12,2020W31,8.43131898553319e-5,4.200776086303506e-12
2020-07-29T00:00:00Z,2020,7,29,2.915575755013e-4,1.5235879291155746e-5,2020W31,2.915575755013e-4,1.5235879291155746e-5
2020-07-30T00:00:00Z,2020,7,30,7.261094729670563e-5,1.2332522015923551e-5,2020W31,7.26109472967056e-5,1.2332522015923548e-5
2020-07-31T00:00:00Z,2020,7,31,2.402920093279e-4,2.917643879773421e-5,2020W31,2.402920093279e-4,2.917643879773421e-5
2020-08-01T00:00:00Z,2020,8,1,6.329796165890451e-5,2.871963798469969e-5,2020W31,6.329796165890453e-5,2.871963798469969e-5
2020-08-02T00:00:00Z,2020,8,2,6.237017117273579e-5,2.930327657529104e-5,2020W31,6.237017117273579e-5,2.930327657529104e-5
2020-08-03T00:00:00Z,2020,8,3,5.775748864669975e-5,2.6163063799331425e-5,2020W32,5.775748864669975e-5,2.6163063799331425e-5
2020-08-04T00:00:00Z,2020,8,4,5.906280880811923e-5,3.799309789598028e-5,2020W32,5.906280880811923e-5,3.799309789598028e-5
2020-08-05T00:00:00Z,2020,8,5,NA,NA,2020W32,7.561706746343344e-5,4.7574915094051996e-5
2020-08-06T00:00:00Z,2020,8,6,NA,NA,2020W32,9.400635040229462e-5,5.0568704398231897e-5
2020-08-07T00:00:00Z,2020,8,7,NA,NA,2020W32,1.044824939398163e-4,4.935140746799245e-5
2020-08-08T00:00:00Z,2020,8,8,9.729733439111204e-5,4.62999659628061e-5,2020W32,9.729733439111204e-5,4.62999659628061e-5
2020-08-09T00:00:00Z,2020,8,9,NA,NA,2020W32,7.246837538549802e-5,4.3656934914663465e-5
2020-08-10T00:00:00Z,2020,8,10,6.907578980910095e-5,4.312732284562768e-5,2020W33,6.907578980910095e-5,4.312732284562768e-5
2020-08-11T00:00:00Z,2020,8,11,1.043852589609e-4,4.65728942952277e-5,2020W33,1.043852589609e-4,4.65728942952277e-5
2020-08-12T00:00:00Z,2020,8,12,1.210628766394e-4,4.503057366177324e-5,2020W33,1.210628766394e-4,4.503057366177324e-5
2020-08-13T00:00:00Z,2020,8,13,1.663230081157e-4,1.583423360152794e-5,2020W33,1.663230081157e-4,1.583423360152794e-5
2020-08-14T00:00:00Z,2020,8,14,1.178723271759e-4,1.9499755424352024e-5,2020W33,1.1787232717590002e-4,1.9499755424352024e-5
2020-08-15T00:00:00Z,2020,8,15,4.268391564940962e-5,1.8400994270858215e-5,2020W33,4.268391564940962e-5,1.8400994270858215e-5
2020-08-16T00:00:00Z,2020,8,16,5.260682944848896e-5,2.8555254000518155e-5,2020W33,5.260682944848896e-5,2.8555254000518155e-5
2020-08-17T00:00:00Z,2020,8,17,5.919821462767748e-5,2.0631027687636763e-5,2020W34,5.919821462767748e-5,2.0631027687636763e-5
2020-08-18T00:00:00Z,2020,8,18,8.72666892935207e-5,3.878240673426016e-5,2020W34,8.72666892935207e-5,3.878240673426016e-5
2020-08-19T00:00:00Z,2020,8,19,5.2684584212755645e-5,2.446144925037106e-5,2020W34,5.2684584212755645e-5,2.446144925037106e-5
2020-08-20T00:00:00Z,2020,8,20,6.537729314412419e-5,1.441195147642896e-5,2020W34,6.537729314412419e-5,1.4411951476428958e-5
2020-08-21T00:00:00Z,2020,8,21,1.460812264072e-4,9.182096515002926e-6,2020W34,1.460812264072e-4,9.182096515002926e-6
2020-08-22T00:00:00Z,2020,8,22,4.38671648099839e-5,3.0861902447827406e-5,2020W34,4.38671648099839e-5,3.0861902447827406e-5
2020-08-23T00:00:00Z,2020,8,23,3.40868651331704e-5,2.7812555995639676e-5,2020W34,3.40868651331704e-5,2.7812555995639676e-5
2020-08-24T00:00:00Z,2020,8,24,5.121870083338206e-5,8.395574510353794e-5,2020W35,5.121870083338206e-5,8.395574510353794e-5
2020-08-25T00:00:00Z,2020,8,25,NA,NA,2020W35,7.190044119392235e-5,9.368533979864836e-5
2020-08-26T00:00:00Z,2020,8,26,NA,NA,2020W35,9.075910641373758e-5,5.5811953550966945e-5
2020-08-27T00:00:00Z,2020,8,27,9.462556479208692e-5,1.3776002509646813e-5,2020W35,9.462556479208692e-5,1.3776002509646826e-5
2020-08-28T00:00:00Z,2020,8,28,NA,NA,2020W35,7.778300213628104e-5,1.2845808445536545e-6
2020-08-29T00:00:00Z,2020,8,29,NA,NA,2020W35,6.432387428583663e-5,1.3111494808403354e-5
2020-08-30T00:00:00Z,2020,8,30,8.579295458832185e-5,3.42972286746243e-5,2020W35,8.579295458832184e-5,3.429722867462431e-5
2020-08-31T00:00:00Z,2020,8,31,NA,NA,2020W36,1.6092082970091864e-4,5.223027658728673e-5
2020-09-01T00:00:00Z,2020,9,1,NA,NA,2020W36,2.5718133951926404e-4,6.369117217302799e-5
2020-09-02T00:00:00Z,2020,9,2,NA,NA,2020W36,3.292341372486088e-4,6.780845892912722e-5
2020-09-03T00:00:00Z,2020,9,3,NA,NA,2020W36,3.317388760942039e-4,6.371068035286351e-5
2020-09-04T00:00:00Z,2020,9,4,2.193552092613e-4,5.052637994151602e-5,2020W36,2.1935520926129998e-4,5.052637994151602e-5
2020-09-05T00:00:00Z,2020,9,5,4.412662344150444e-5,3.393363454751936e-5,2020W36,4.412662344150444e-5,3.393363454751936e-5
2020-09-06T00:00:00Z,2020,9,6,7.502724054247838e-5,3.325696307254278e-5,2020W36,7.502724054247836e-5,3.325696307254278e-5
2020-09-07T00:00:00Z,2020,9,7,9.039667056592018e-5,3.1075497466390926e-5,2020W37,9.039667056592018e-5,3.1075497466390926e-5
2020-09-08T00:00:00Z,2020,9,8,8.279828633302004e-5,2.754354499047422e-5,2020W37,8.279828633302004e-5,2.754354499047422e-5
2020-09-09T00:00:00Z,2020,9,9,NA,NA,2020W37,6.620290937352845e-5,3.300021279484112e-5
2020-09-10T00:00:00Z,2020,9,10,7.220940622794663e-5,3.368413733682619e-5,2020W37,7.220940622794663e-5,3.3684137336826195e-5
2020-09-11T00:00:00Z,2020,9,11,9.953421358263132e-5,2.2289497486761177e-5,2020W37,9.953421358263132e-5,2.2289497486761177e-5
2020-09-12T00:00:00Z,2020,9,12,5.308021494073945e-5,5.655120263587736e-5,2020W37,5.308021494073945e-5,5.6551202635877365e-5
2020-09-13T00:00:00Z,2020,9,13,7.807939610445815e-5,1.4226934203982777e-4,2020W37,7.807939610445815e-5,1.4226934203982777e-4
2020-09-14T00:00:00Z,2020,9,14,2.216233894531e-4,3.021583982442721e-5,2020W38,2.216233894531e-4,3.0215839824427213e-5
2020-09-15T00:00:00Z,2020,9,15,NA,NA,2020W38,0.00031018330190957705,4.789444981404e-6
2020-09-16T00:00:00Z,2020,9,16,2.987510930163e-4,2.687070760127982e-5,2020W38,2.987510930163e-4,2.6870707601279818e-5
2020-09-17T00:00:00Z,2020,9,17,2.06595715641e-4,1.0735827417362903e-5,2020W38,2.06595715641e-4,1.0735827417362903e-5
2020-09-18T00:00:00Z,2020,9,18,1.1029944681498919e-4,6.539317183510309e-5,2020W38,1.1029944681498919e-4,6.53931718351031e-5
2020-09-19T00:00:00Z,2020,9,19,3.930094971676879e-5,3.2433887311028024e-5,2020W38,3.930094971676879e-5,3.2433887311028024e-5
2020-09-20T00:00:00Z,2020,9,20,4.024119218315118e-5,1.441792881596e-4,2020W38,4.0241192183151185e-5,1.441792881596e-4
2020-09-21T00:00:00Z,2020,9,21,2.345665701375e-4,4.588020393230705e-5,2020W39,2.345665701375e-4,4.588020393230705e-5
2020-09-22T00:00:00Z,2020,9,22,6.884015931377299e-5,2.668277180170325e-5,2020W39,6.884015931377297e-5,2.668277180170325e-5
2020-09-23T00:00:00Z,2020,9,23,1.1729579219536755e-4,1.9108501914651822e-5,2020W39,1.1729579219536755e-4,1.9108501914651822e-5
2020-09-24T00:00:00Z,2020,9,24,8.194266303905e-5,1.5616430581181042e-5,2020W39,8.194266303905001e-5,1.5616430581181042e-5
2020-09-25T00:00:00Z,2020,9,25,NA,NA,2020W39,5.085448327611812e-5,1.3050277869265453e-5
2020-09-26T00:00:00Z,2020,9,26,5.671464888756636e-5,1.5975011878330752e-5,2020W39,5.671464888756636e-5,1.5975011878330752e-5
2020-09-27T00:00:00Z,2020,9,27,NA,NA,2020W39,6.842851546793177e-5,2.8390156966680516e-5
2020-09-28T00:00:00Z,2020,9,28,6.422582474632385e-5,2.8436656774905125e-5,2020W40,6.422582474632385e-5,2.8436656774905122e-5
2020-09-29T00:00:00Z,2020,9,29,4.4571002680830795e-5,1.149465795798851e-5,2020W40,4.4571002680830795e-5,1.149465795798851e-5
2020-09-30T00:00:00Z,2020,9,30,6.346269926735436e-5,2.3035466626527896e-5,2020W40,6.346269926735436e-5,2.3035466626527896e-5
2020-10-01T00:00:00Z,2020,10,1,8.403319858697292e-5,1.8697316204871315e-5,2020W40,8.403319858697292e-5,1.8697316204871315e-5
2020-10-02T00:00:00Z,2020,10,2,5.91644829758959e-5,7.012991026177811e-5,2020W40,5.91644829758959e-5,7.012991026177811e-5
2020-10-03T00:00:00Z,2020,10,3,5.211537035274562e-5,2.945981964933631e-5,2020W40,5.211537035274562e-5,2.945981964933631e-5
2020-10-04T00:00:00Z,2020,10,4,NA,NA,2020W40,1.9048969771945796e-5,4.201094030830439e-5
2020-10-05T00:00:00Z,2020,10,5,6.64975679531342e-5,5.9700261960234186e-5,2020W41,6.649756795313419e-5,5.970026196023417e-5
2020-10-06T00:00:00Z,2020,10,6,1.949294992158e-4,1.4173719407980112e-5,2020W41,1.949294992158e-4,1.4173719407980112e-5
2020-10-07T00:00:00Z,2020,10,7,9.362622824873578e-5,1.2887939151634094e-5,2020W41,9.362622824873579e-5,1.2887939151634096e-5
2020-10-08T00:00:00Z,2020,10,8,1.811572343819e-4,1.232950663842651e-5,2020W41,1.811572343819e-4,1.232950663842651e-5
2020-10-09T00:00:00Z,2020,10,9,5.315159665338067e-5,9.62768323787568e-6,2020W41,5.3151596653380626e-5,9.627683237875677e-6
2020-10-10T00:00:00Z,2020,10,10,4.8215119631098266e-5,1.040066237341e-4,2020W41,4.8215119631098266e-5,1.040066237341e-4
2020-10-11T00:00:00Z,2020,10,11,3.2194435327652294e-5,5.773334000654236e-5,2020W41,3.2194435327652294e-5,5.773334000654235e-5
2020-10-12T00:00:00Z,2020,10,12,4.6624017452358426e-5,4.794595049231984e-5,2020W42,4.6624017452358426e-5,4.794595049231984e-5
2020-10-13T00:00:00Z,2020,10,13,2.826096833007e-4,4.516459302243909e-5,2020W42,2.826096833007e-4,4.516459302243909e-5
2020-10-14T00:00:00Z,2020,10,14,1.396189461428e-4,2.137765012482867e-5,2020W42,1.396189461428e-4,2.137765012482867e-5
2020-10-15T00:00:00Z,2020,10,15,1.1206682495723594e-4,1.592289732169156e-5,2020W42,1.1206682495723595e-4,1.592289732169156e-5
2020-10-16T00:00:00Z,2020,10,16,6.003756671122185e-5,6.236473329565304e-6,2020W42,6.003756671122185e-5,6.236473329565304e-6
2020-10-17T00:00:00Z,2020,10,17,7.31705858240415e-5,4.24642274247506e-6,2020W42,7.31705858240415e-5,4.24642274247506e-6
2020-10-18T00:00:00Z,2020,10,18,4.854438245619725e-5,1.5162298314619407e-5,2020W42,4.854438245619725e-5,1.5162298314619407e-5
2020-10-19T00:00:00Z,2020,10,19,3.863603924572825e-5,3.847192680416373e-5,2020W43,3.863603924572825e-5,3.847192680416373e-5
2020-10-20T00:00:00Z,2020,10,20,2.972773945436324e-5,2.216047292384566e-5,2020W43,2.972773945436324e-5,2.216047292384566e-5
2020-10-21T00:00:00Z,2020,10,21,NA,NA,2020W43,2.7345644341310078e-5,1.4309514436596234e-5
2020-10-22T00:00:00Z,2020,10,22,NA,NA,2020W43,3.740797682637055e-5,2.8168949020305343e-5
2020-10-23T00:00:00Z,2020,10,23,6.203320699342074e-5,5.947833901654556e-5,2020W43,6.203320699342074e-5,5.9478339016545565e-5
2020-10-24T00:00:00Z,2020,10,24,8.735457343709336e-5,9.182173769123428e-5,2020W43,8.735457343709336e-5,9.182173769123428e-5
2020-10-25T00:00:00Z,2020,10,25,NA,NA,2020W43,6.59111638140681e-5,8.149640892265865e-5
2020-10-26T00:00:00Z,2020,10,26,5.564393436786374e-5,5.798509517341238e-5,2020W44,5.564393436786373e-5,5.7985095173412365e-5
2020-10-27T00:00:00Z,2020,10,27,1.134326111421e-4,5.362304860909859e-5,2020W44,1.134326111421e-4,5.362304860909859e-5
2020-10-28T00:00:00Z,2020,10,28,NA,NA,2020W44,1.8238284261423715e-4,3.997478600456399e-5
2020-10-29T00:00:00Z,2020,10,29,NA,NA,2020W44,2.216240452808919e-4,2.2762940751343772e-5
2020-10-30T00:00:00Z,2020,10,30,2.021435789482e-4,2.0870359698140493e-5,2020W44,2.021435789482e-4,2.0870359698140497e-5
2020-10-31T00:00:00Z,2020,10,31,1.1473050322474999e-4,3.5262223046592076e-5,2020W44,1.1473050322474999e-4,3.5262223046592076e-5
2020-11-01T00:00:00Z,2020,11,1,4.940060125697548e-5,2.2895536687661723e-5,2020W44,4.940060125697548e-5,2.2895536687661723e-5
2020-11-02T00:00:00Z,2020,11,2,9.412533796932028e-5,1.8188933479532167e-5,2020W45,9.412533796932028e-5,1.8188933479532167e-5
2020-11-03T00:00:00Z,2020,11,3,6.079037562822127e-5,2.244304360570658e-5,2020W45,6.079037562822127e-5,2.244304360570658e-5
2020-11-04T00:00:00Z,2020,11,4,5.053484549621838e-5,2.306047340516073e-5,2020W45,5.053484549621838e-5,2.306047340516073e-5
2020-11-05T00:00:00Z,2020,11,5,6.272625169100522e-5,1.6207206693452314e-5,2020W45,6.272625169100522e-5,1.6207206693452314e-5
2020-11-06T00:00:00Z,2020,11,6,6.998758283505963e-5,1.930632158764741e-5,2020W45,6.998758283505963e-5,1.930632158764741e-5
2020-11-07T00:00:00Z,2020,11,7,5.652684618082447e-5,2.322203819558235e-5,2020W45,5.652684618082447e-5,2.322203819558235e-5
2020-11-08T00:00:00Z,2020,11,8,4.318838462696332e-5,3.722060010865413e-5,2020W45,4.318838462696332e-5,3.722060010865413e-5
2020-11-09T00:00:00Z,2020,11,9,NA,NA,2020W46,4.966950483749589e-5,7.298488821335614e-5
2020-11-10T00:00:00Z,2020,11,10,6.669204024162025e-5,6.862789195665096e-5,2020W46,6.669204024162023e-5,6.862789195665096e-5
2020-11-11T00:00:00Z,2020,11,11,8.224678836948171e-5,1.4167158924358067e-5,2020W46,8.224678836948171e-5,1.4167158924358067e-5
2020-11-12T00:00:00Z,2020,11,12,1.113221546396e-4,6.575449052886562e-5,2020W46,1.113221546396e-4,6.575449052886562e-5
2020-11-13T00:00:00Z,2020,11,13,1.53020192055e-4,6.405716574251075e-5,2020W46,1.53020192055e-4,6.405716574251075e-5
2020-11-14T00:00:00Z,2020,11,14,NA,NA,2020W46,6.925857834052186e-5,5.566709280625574e-5
2020-11-15T00:00:00Z,2020,11,15,3.117333824480048e-5,5.041744515602068e-5,2020W46,3.117333824480042e-5,5.0417445156020676e-5
2020-11-16T00:00:00Z,2020,11,16,1.484237225991e-4,3.8665011098728805e-5,2020W47,1.484237225991e-4,3.8665011098728805e-5
2020-11-17T00:00:00Z,2020,11,17,1.065802068459e-4,3.8403149851131095e-5,2020W47,1.065802068459e-4,3.8403149851131095e-5
2020-11-18T00:00:00Z,2020,11,18,9.06873895280644e-5,2.3204467448712276e-5,2020W47,9.06873895280644e-5,2.3204467448712276e-5
2020-11-19T00:00:00Z,2020,11,19,7.433392512961597e-5,2.354431000673657e-5,2020W47,7.433392512961597e-5,2.3544310006736566e-5
2020-11-20T00:00:00Z,2020,11,20,6.597795686463585e-5,2.2828918441167797e-5,2020W47,6.597795686463585e-5,2.2828918441167797e-5
2020-11-21T00:00:00Z,2020,11,21,6.40255697192676e-5,3.008017056581275e-5,2020W47,6.40255697192676e-5,3.008017056581275e-5
2020-11-22T00:00:00Z,2020,11,22,4.860390125016626e-5,2.2325430858192844e-5,2020W47,4.860390125016626e-5,2.2325430858192844e-5
2020-11-23T00:00:00Z,2020,11,23,5.973415336790232e-5,2.5533898843361785e-5,2020W48,5.973415336790232e-5,2.5533898843361785e-5
2020-11-24T00:00:00Z,2020,11,24,NA,NA,2020W48,7.559889636184166e-5,2.6895632822321664e-5
2020-11-25T00:00:00Z,2020,11,25,8.124555967954075e-5,3.268958449620121e-5,2020W48,8.124555967954075e-5,3.268958449620121e-5
2020-11-26T00:00:00Z,2020,11,26,6.850516359752361e-5,5.7435915256623584e-5,2020W48,6.850516359752361e-5,5.7435915256623584e-5
